ORD,Municipio,Name,State,Region,INCLUDE,NOM,Yield,Series
1,ACAMBAY,Acambay,Mexico,N TOL,TRUE,"ACAMBAY, MEXICO",786.1,1991 AG Census
2,ACOLMAN,Acolman,Mexico,BOM,TRUE,"ACOLMAN, MEXICO",1323.5,1991 AG Census
3,ACULCO,Aculco,Mexico,N TOL,TRUE,"ACULCO, MEXICO",774.2,1991 AG Census
5,ALMOLOYA DE JUAREZ,Almoloya de Juarez,Mexico,Toluca,TRUE,"ALMOLOYA DE JUAREZ, MEXICO",1373.9,1991 AG Census
6,ALMOLOYA DEL RIO,Almoloya del Rio,Mexico,Toluca,TRUE,"ALMOLOYA DEL RIO, MEXICO",1394,1991 AG Census
9,AMECAMECA,Amecameca,Mexico,BOM,TRUE,"AMECAMECA, MEXICO",1500.7,1991 AG Census
10,APAXCO,Apaxco,Mexico,BOM,TRUE,"APAXCO, MEXICO",1721,1991 AG Census
11,ATENGO,Atenco,Mexico,BOM,TRUE,"ATENCO, MEXICO",1104.9,1991 AG Census
12,ATIZAPAN,Atizapan,Mexico,Toluca,TRUE,"ATIZAPAN, MEXICO",2099.8,1991 AG Census
13,ATIZAPAN DE ZARAGOZA,Atizapan de Zaragoza,Mexico,BOM,TRUE,"ATIZAPAN DE ZARAGOZA, MEXICO",1457,1991 AG Census
14,ATLACOMULCO,Atlacomulco,Mexico,Toluca,TRUE,"ATLACOMULCO, MEXICO",1439.7,1991 AG Census
15,ATLAUTLA,Atlautla,Mexico,BOM,TRUE,"ATLAUTLA, MEXICO",1063.5,1991 AG Census
16,AXAPUSCO,Axapusco,Mexico,BOM,TRUE,"AXAPUSCO, MEXICO",692.1,1991 AG Census
17,AYAPANGO,Ayapango,Mexico,BOM,TRUE,"AYAPANGO, MEXICO",1615,1991 AG Census
18,CALIMAYA,Calimaya,Mexico,Toluca,TRUE,"CALIMAYA, MEXICO",2801.9,1991 AG Census
19,CAPULHUAC,Capulhuac,Mexico,Toluca,TRUE,"CAPULHUAC, MEXICO",2002.1,1991 AG Census
20,COACALCO,Coacalco de Berriozabal,Mexico,BOM,TRUE,"COACALCO DE BERRIOZABAL, MEXICO",2223.4,1991 AG Census
21,COATEPEC HARINAS,Coatepec Harinas,Mexico,Toluca,TRUE,"COATEPEC HARINAS, MEXICO",1235.7,1991 AG Census
22,COCOTITLAN,Cocotitlan,Mexico,BOM,TRUE,"COCOTITLAN, MEXICO",1753.7,1991 AG Census
23,COYOTEPEC,Coyotepec,Mexico,BOM,TRUE,"COYOTEPEC, MEXICO",1528.4,1991 AG Census
24,CUAUTITLAN,Cuautitlan,Mexico,BOM,TRUE,"CUAUTITLAN, MEXICO",2646.6,1991 AG Census
25,CHALCO,Chalco,Mexico,BOM,TRUE,"CHALCO, MEXICO",1240.9,1991 AG Census
26,CHAPA DE MOTA,Chapa de Mota,Mexico,N TOL,TRUE,"CHAPA DE MOTA, MEXICO",1212,1991 AG Census
27,CHAPULTEPEC,Chapultepec,Mexico,BOM,TRUE,"CHAPULTEPEC, MEXICO",2343.9,1991 AG Census
28,CHIAUTLA,Chiautla,Mexico,BOM,TRUE,"CHIAUTLA, MEXICO",1886.5,1991 AG Census
29,CHICOLOAPAN,Chicoloapan,Mexico,BOM,TRUE,"CHICOLOAPAN, MEXICO",1819.5,1991 AG Census
30,CHICONCUAC,Chiconcuac,Mexico,BOM,TRUE,"CHICONCUAC, MEXICO",2068.4,1991 AG Census
31,CHIMALHUACAN,Chimalhuacan,Mexico,BOM,TRUE,"CHIMALHUACAN, MEXICO",1246.5,1991 AG Census
33,ECATEPEC,Ecatepec de Morelos,Mexico,BOM,TRUE,"ECATEPEC DE MORELOS, MEXICO",2254.5,1991 AG Census
34,ECATZINGO,Ecatzingo,Mexico,BOM,TRUE,"ECATZINGO, MEXICO",794.1,1991 AG Census
35,HUEHUETOCA,Huehuetoca,Mexico,BOM,TRUE,"HUEHUETOCA, MEXICO",1726.7,1991 AG Census
36,HUEYPOXTLA,Hueypoxtla,Mexico,BOM,TRUE,"HUEYPOXTLA, MEXICO",1221.6,1991 AG Census
37,HUIXQUILUCAN,Huixquilucan,Mexico,BOM,TRUE,"HUIXQUILUCAN, MEXICO",1148.8,1991 AG Census
38,ISIDRO FABELA,Isidro Fabela,Mexico,BOM,TRUE,"ISIDRO FABELA, MEXICO",965.3,1991 AG Census
39,IXTAPALUCA,Ixtapaluca,Mexico,BOM,TRUE,"IXTAPALUCA, MEXICO",1296.7,1991 AG Census
40,IXTAPAN DE LA SAL,Ixtapan de la Sal,Mexico,SSW MOR-TOL,TRUE,"IXTAPAN DE LA SAL, MEXICO",1050.7,1991 AG Census
42,IXTLAHUACA,Ixtlahuaca,Mexico,Toluca,TRUE,"IXTLAHUACA, MEXICO",1728.8,1991 AG Census
43,JALATLACO,Xalatlaco,Mexico,Toluca,TRUE,"XALATLACO, MEXICO",1640.8,1991 AG Census
44,JALTENCO,Jaltenco,Mexico,BOM,TRUE,"JALTENCO, MEXICO",1232.9,1991 AG Census
45,JILOTEPEC,Jilotepec,Mexico,N TOL,TRUE,"JILOTEPEC, MEXICO",896.1,1991 AG Census
46,JILOTZINGO,Jilotzingo,Mexico,BOM,TRUE,"JILOTZINGO, MEXICO",1415.6,1991 AG Census
47,JIQUIPILCO,Jiquipilco,Mexico,Toluca,TRUE,"JIQUIPILCO, MEXICO",1714.6,1991 AG Census
48,JOCOTITLAN,Jocotitlan,Mexico,Toluca,TRUE,"JOCOTITLAN, MEXICO",1945.9,1991 AG Census
49,JOQUICINGO,Joquicingo,Mexico,Toluca,TRUE,"JOQUICINGO, MEXICO",1401.3,1991 AG Census
50,JUCHITEPEC,Juchitepec,Mexico,BOM,TRUE,"JUCHITEPEC, MEXICO",1507.9,1991 AG Census
51,LERMA,Lerma,Mexico,Toluca,TRUE,"LERMA, MEXICO",1981.1,1991 AG Census
52,MALINALCO,Malinalco,Mexico,SSW MOR-TOL,TRUE,"MALINALCO, MEXICO",1118,1991 AG Census
53,MELCHOR OCAMPO,Melchor Ocampo,Mexico,BOM,TRUE,"MELCHOR OCAMPO, MEXICO",1963.2,1991 AG Census
54,METEPEC,Metepec,Mexico,Toluca,TRUE,"METEPEC, MEXICO",2895.4,1991 AG Census
55,MEXICALCINGO,Mexicaltzingo,Mexico,BOM,TRUE,"MEXICALTZINGO, MEXICO",2062.7,1991 AG Census
56,MORELOS,Morelos,Mexico,Toluca,TRUE,"MORELOS, MEXICO",1001.5,1991 AG Census
57,NAUCALPAN,Naucalpan de Juarez,Mexico,BOM,TRUE,"NAUCALPAN DE JUAREZ, MEXICO",1222.9,1991 AG Census
58,NEZAHUALCOYOTL,Nezahualcoyotl,Mexico,BOM,TRUE,,,1991 AG Census
59,NEXTLALPAN,Nextlalpan,Mexico,BOM,TRUE,"NEXTLALPAN, MEXICO",1639.9,1991 AG Census
60,NICOLAS ROMERO,Nicolas Romero,Mexico,BOM,TRUE,"NICOLAS ROMERO, MEXICO",895.3,1991 AG Census
61,NOPALTEPEC,Nopaltepec,Mexico,BOM,TRUE,"NOPALTEPEC, MEXICO",897,1991 AG Census
62,OCOYOACAC,Ocoyoacac,Mexico,Toluca,TRUE,"OCOYOACAC, MEXICO",1821.5,1991 AG Census
63,OCUILAN,Ocuilan,Mexico,SSW MOR-TOL,TRUE,"OCUILAN, MEXICO",1392.3,1991 AG Census
64,"ORO, EL",El Oro,Mexico,N TOL,TRUE,"EL ORO, MEXICO",1001.4,1991 AG Census
65,OTUMBA,Otumba,Mexico,BOM,TRUE,"OTUMBA, MEXICO",809.4,1991 AG Census
67,OTZOLOTEPEC,Otzolotepec,Mexico,Toluca,TRUE,"OTZOLOTEPEC, MEXICO",2180.5,1991 AG Census
68,OZUMBA,Ozumba,Mexico,BOM,TRUE,"OZUMBA, MEXICO",1573.9,1991 AG Census
69,PAPALOTLA,Papalotla,Mexico,BOM,TRUE,"PAPALOTLA, MEXICO",1142,1991 AG Census
70,"PAZ, LA",La Paz,Mexico,BOM,TRUE,"LA PAZ, MEXICO",1210.4,1991 AG Census
71,POLOTITLAN,Polotitlan,Mexico,N TOL,TRUE,"POLOTITLAN, MEXICO",972.9,1991 AG Census
72,RAYON,Rayon,Mexico,Toluca,TRUE,"RAYON, MEXICO",2333.6,1991 AG Census
73,SAN ANTONIO LA ISLA,San Antonio La Isla,Mexico,Toluca,TRUE,"SAN ANTONIO LA ISLA, MEXICO",2143.1,1991 AG Census
74,SAN FELIPE DEL PROGRESO,San Felipe del Progreso,Mexico,Toluca,TRUE,"SAN FELIPE DEL PROGRESO, MEXICO",1109.2,1991 AG Census
75,SAN MARTIN DE LAS PIRAMIDES,San Martin de las Piramides,Mexico,BOM,TRUE,"SAN MARTIN DE LAS PIRAMIDES, MEXICO",1050.6,1991 AG Census
76,SAN MATEO ATENGO,San Mateo Atenco,Mexico,Toluca,TRUE,"SAN MATEO ATENCO, MEXICO",2861.5,1991 AG Census
79,SOYANIQUILPAN DE JUAREZ,Soyaniquilpan de Juarez,Mexico,N TOL,TRUE,"SOYANIQUILPAN DE JUAREZ, MEXICO",956.7,1991 AG Census
81,TECAMAC,Tecamac,Mexico,BOM,TRUE,"TECAMAC, MEXICO",2084,1991 AG Census
83,TEMAMATLA,Temamatla,Mexico,BOM,TRUE,"TEMAMATLA, MEXICO",1391.2,1991 AG Census
84,TEMASCALAPA,Temascalapa,Mexico,BOM,TRUE,"TEMASCALAPA, MEXICO",742.7,1991 AG Census
85,TEMASCALCINGO,Temascalcingo,Mexico,N TOL,TRUE,"TEMASCALCINGO, MEXICO",1446.6,1991 AG Census
87,TEMOAYA,Temoaya,Mexico,Toluca,TRUE,"TEMOAYA, MEXICO",2088.9,1991 AG Census
88,TENANCINGO,Tenancingo,Mexico,Toluca,TRUE,"TENANCINGO, MEXICO",1142.7,1991 AG Census
89,TENANGO DEL AIRE,Tenango del Aire,Mexico,BOM,TRUE,"TENANGO DEL AIRE, MEXICO",1778.3,1991 AG Census
90,TENANGO DEL VALLE,Tenango del Valle,Mexico,Toluca,TRUE,"TENANGO DEL VALLE, MEXICO",1843.5,1991 AG Census
91,TEOLOYUCAN,Teoloyucan,Mexico,BOM,TRUE,"TEOLOYUCAN, MEXICO",1402.2,1991 AG Census
92,TEOTIHUACAN,Teotihuacan,Mexico,BOM,TRUE,"TEOTIHUACAN, MEXICO",1663.6,1991 AG Census
93,TEPETLAOXTOC,Tepetlaoxtoc,Mexico,BOM,TRUE,"TEPETLAOXTOC, MEXICO",700.9,1991 AG Census
94,TEPETLIXPA,Tepetlixpa,Mexico,BOM,TRUE,"TEPETLIXPA, MEXICO",1111.8,1991 AG Census
95,TEPOTZOTLAN,Tepotzotlan,Mexico,BOM,TRUE,"TEPOTZOTLAN, MEXICO",857,1991 AG Census
96,TEQUIXQUIAC,Tequixquiac,Mexico,BOM,TRUE,"TEQUIXQUIAC, MEXICO",1587.3,1991 AG Census
98,TEXCALYACAC,Texcalyacac,Mexico,Toluca,TRUE,"TEXCALYACAC, MEXICO",1633.5,1991 AG Census
99,TEXCOCO,Texcoco,Mexico,BOM,TRUE,"TEXCOCO, MEXICO",1649.6,1991 AG Census
100,TEZOYUCA,Tezoyuca,Mexico,BOM,TRUE,"TEZOYUCA, MEXICO",1736.8,1991 AG Census
101,TIANGUISTENCO,Tianguistenco,Mexico,Toluca,TRUE,"TIANGUISTENCO, MEXICO",1476.7,1991 AG Census
102,TIMILPAN,Timilpan,Mexico,N TOL,TRUE,"TIMILPAN, MEXICO",1085.1,1991 AG Census
103,TLALMANALCO,Tlalmanalco,Mexico,BOM,TRUE,"TLALMANALCO, MEXICO",1544.5,1991 AG Census
104,TLALNEPANTLA,Tlalnepantla de Baz,Mexico,BOM,TRUE,"TLALNEPANTLA DE BAZ, MEXICO",632.9,1991 AG Census
106,TOLUCA,Toluca,Mexico,Toluca,TRUE,"TOLUCA, MEXICO",1997.4,1991 AG Census
107,TONATICO,Tonatico,Mexico,SSW MOR-TOL,TRUE,"TONATICO, MEXICO",1800.5,1991 AG Census
108,TULTEPEC,Tultepec,Mexico,BOM,TRUE,"TULTEPEC, MEXICO",1780.8,1991 AG Census
109,TULTITLAN,Tultitlan,Mexico,BOM,TRUE,"TULTITLAN, MEXICO",2298.1,1991 AG Census
112,VILLA DEL CARBON,Villa del Carbon,Mexico,BOM,TRUE,"VILLA DEL CARBON, MEXICO",1042.4,1991 AG Census
113,VILLA GUERRERO,Villa Guerrero,Mexico,Toluca,TRUE,"VILLA GUERRERO, MEXICO",1467.1,1991 AG Census
114,VILLA VICTORIA,Villa Victoria,Mexico,Toluca,TRUE,"VILLA VICTORIA, MEXICO",996.5,1991 AG Census
115,XONACATLAN,Xonacatlan,Mexico,BOM,TRUE,"XONACATLAN, MEXICO",1662.4,1991 AG Census
118,ZINACANTEPEC,Zinacantepec,Mexico,Toluca,TRUE,"ZINACANTEPEC, MEXICO",1783.3,1991 AG Census
119,ZUMPAHUACAN,Zumpahuacan,Mexico,SSW MOR-TOL,TRUE,"ZUMPAHUACAN, MEXICO",1021.7,1991 AG Census
120,ZUMPANGO,Zumpango,Mexico,BOM,TRUE,"ZUMPANGO, MEXICO",1713.3,1991 AG Census
121,CUAUTITLAN IZCALLI,Cuautitlan Izcalli,Mexico,BOM,TRUE,,1581.2,1991 AG Census
122,AZCAPOTZALCO,Azcapotzalco,Distrito Federal,BOM,TRUE,"AZCAPOTZALCO, DISTRITO FEDERAL",,1991 AG Census
123,COYOACAN,Coyoacan,Distrito Federal,BOM,TRUE,"COYOACAN, DISTRITO FEDERAL",1915.6,1991 AG Census
124,CUAJIMALPA DE MORELOS,Cuajimalpa de Morelos,Distrito Federal,BOM,TRUE,"CUAJIMALPA DE MORELOS, DISTRITO FEDERAL",1300.9,1991 AG Census
125,GUSTAVO A. MADERO,Gustavo A. Madero,Distrito Federal,BOM,TRUE,"GUSTAVO A. MADERO, DISTRITO FEDERAL",485.9,1991 AG Census
126,IZTACALCO,,Distrito Federal,,TRUE,,,1991 AG Census
127,IZTAPALAPA,Iztapalapa,Distrito Federal,BOM,TRUE,"IZTAPALAPA, DISTRITO FEDERAL",948.9,1991 AG Census
128,"MAGDALENA CONTRERAS, LA",La Magdalena Contreras,Distrito Federal,BOM,TRUE,"LA MAGDALENA CONTRERAS, DISTRITO FEDERAL",1290.3,1991 AG Census
129,MILPAALTA,Milpa Alta,Distrito Federal,BOM,TRUE,"MILPA ALTA, DISTRITO FEDERAL",1027,1991 AG Census
130,ALVARO OBREGON,alvaro Obregon,Distrito Federal,BOM,TRUE,"ALVARO OBREGON, DISTRITO FEDERAL",1248.2,1991 AG Census
131,TLAHUAC,Tlahuac,Distrito Federal,BOM,TRUE,"TLAHUAC, DISTRITO FEDERAL",1108.3,1991 AG Census
132,TLALPAN,Tlalpan,Distrito Federal,BOM,TRUE,"TLALPAN, DISTRITO FEDERAL",1242.8,1991 AG Census
133,XOCHIMILCO,Xochimilco,Distrito Federal,BOM,TRUE,"XOCHIMILCO, DISTRITO FEDERAL",1183.8,1991 AG Census
134,BENITO JUAREZ,,Distrito Federal,,TRUE,,,1991 AG Census
135,CUAUHTEMOC,,Distrito Federal,,TRUE,,,1991 AG Census
136,MIGUEL HIDALGO,Miguel Hidalgo,Distrito Federal,BOM,TRUE,"MIGUEL HIDALGO, DISTRITO FEDERAL",,1991 AG Census
137,VENUSTIANO CARRANZA,Venustiano Carranza,Distrito Federal,BOM,TRUE,"MIGUEL HIDALGO, DISTRITO FEDERAL",,1991 AG Census
139,ATLATLAHUCAN,Atlatlahucan,Morelos,Northern Morelos,TRUE,"ATLATLAHUCAN, MORELOS",994.5,1991 AG Census
141,AYALA,Ayala,Morelos,Northern Morelos,TRUE,"AYALA, MORELOS",1888.6,1991 AG Census
142,COATLAN DEL RIO,Coatlan del Rio,Morelos,Northern Morelos,TRUE,"COATLAN DEL RIO, MORELOS",1221.3,1991 AG Census
143,CUAUTLA,Cuautla,Morelos,Northern Morelos,TRUE,"CUAUTLA, MORELOS",1946.8,1991 AG Census
144,CUERNAVACA,Cuernavaca,Morelos,Northern Morelos,TRUE,"CUERNAVACA, MORELOS",1257.7,1991 AG Census
145,EMILIANO ZAPATA,Emiliano Zapata,Morelos,Northern Morelos,TRUE,"EMILIANO ZAPATA, MORELOS",1759.7,1991 AG Census
146,HUITZILAC,Huitzilac,Morelos,Northern Morelos,TRUE,"HUITZILAC, MORELOS",871.5,1991 AG Census
147,JANTETELCO,Jantetelco,Morelos,Northern Morelos,TRUE,"JANTETELCO, MORELOS",1153.4,1991 AG Census
148,JIUTEPEC,Jiutepec,Morelos,Northern Morelos,TRUE,"JIUTEPEC, MORELOS",1531.2,1991 AG Census
150,JONACATEPEC,Jonacatepec,Morelos,Northern Morelos,TRUE,"JONACATEPEC, MORELOS",1523.1,1991 AG Census
151,MAZATEPEC,Mazatepec,Morelos,Northern Morelos,TRUE,"MAZATEPEC, MORELOS",1746.7,1991 AG Census
152,MIACATLAN,Miacatlan,Morelos,Northern Morelos,TRUE,"MIACATLAN, MORELOS",1434.4,1991 AG Census
153,OCUITUCO,Ocuituco,Morelos,Northern Morelos,TRUE,"OCUITUCO, MORELOS",1045.6,1991 AG Census
155,TEMIXCO,Temixco,Morelos,Northern Morelos,TRUE,"TEMIXCO, MORELOS",1009.8,1991 AG Census
157,TEPOZTLAN,Tepoztlan,Morelos,Northern Morelos,TRUE,"TEPOZTLAN, MORELOS",1248,1991 AG Census
158,TETECALA,Tetecala,Morelos,Northern Morelos,TRUE,"TETECALA, MORELOS",1744.7,1991 AG Census
159,TETELA DEL VOLCAN,Tetela del Volcan,Morelos,Northern Morelos,TRUE,"TETELA DEL VOLCAN, MORELOS",756.4,1991 AG Census
160,TLALNEPANTLA,Tlalnepantla,Morelos,Northern Morelos,TRUE,"TLALNEPANTLA, MORELOS",1483.3,1991 AG Census
161,TLALTIZAPAN,Tlaltizapan,Morelos,Northern Morelos,TRUE,"TLALTIZAPAN, MORELOS",1537.5,1991 AG Census
163,TLAYACAPAN,Tlayacapan,Morelos,Northern Morelos,TRUE,"TLAYACAPAN, MORELOS",2051.2,1991 AG Census
164,TOTOLAPAN,Totolapan,Morelos,Northern Morelos,TRUE,"TOTOLAPAN, MORELOS",1223.6,1991 AG Census
165,XOCHITEPEC,Xochitepec,Morelos,Northern Morelos,TRUE,"XOCHITEPEC, MORELOS",1691.9,1991 AG Census
166,YAUTEPEC,Yautepec,Morelos,Northern Morelos,TRUE,"YAUTEPEC, MORELOS",1713.2,1991 AG Census
167,YECAPIXTLA,Yecapixtla,Morelos,Northern Morelos,TRUE,"YECAPIXTLA, MORELOS",1044.3,1991 AG Census
169,ZACUALPAN,Zacualpan de Amilpas,Morelos,Northern Morelos,TRUE,"ZACUALPAN DE AMILPAS, MORELOS",1045.4,1991 AG Census
170,TEMOAC,Temoac,Morelos,Northern Morelos,TRUE,,925.6,1991 AG Census
171,ACAJETE,Acajete,Puebla,,TRUE,"ACAJETE, PUEBLA",799.8,1991 AG Census
174,ACATZINGO,Acatzingo,Puebla,,TRUE,"ACATZINGO, PUEBLA",1134.4,1991 AG Census
175,ACTEOPAN,Acteopan,Puebla,,TRUE,"ACTEOPAN, PUEBLA",776.5,1991 AG Census
185,AMOZOC,Amozoc,Puebla,,TRUE,"AMOZOC, PUEBLA",1167.8,1991 AG Census
189,ATLIXCO,Atlixco,Puebla,,TRUE,"ATLIXCO, PUEBLA",947.1,1991 AG Census
190,ATOYATEMPAN,Atoyatempan,Puebla,,TRUE,"ATOYATEMPAN, PUEBLA",1981.1,1991 AG Census
192,ATZITZIHUACAN,Atzitzihuacan,Puebla,,TRUE,"ATZITZIHUACAN, PUEBLA",957.7,1991 AG Census
196,CALPAN,Calpan,Puebla,,TRUE,"CALPAN, PUEBLA",1503.4,1991 AG Census
203,COHUECAN,Cohuecan,Puebla,,TRUE,"COHUECAN, PUEBLA",1073.4,1991 AG Census
204,CORONANGO,Coronango,Puebla,,TRUE,"CORONANGO, PUEBLA",1368.5,1991 AG Census
208,CUAPIAXTLA DE MADERO,Cuapiaxtla de Madero,Puebla,,TRUE,"CUAPIAXTLA DE MADERO, PUEBLA",785.3,1991 AG Census
210,CUAUTINCHAN,Cuautinchan,Puebla,,TRUE,"CUAUTINCHAN, PUEBLA",304.6,1991 AG Census
211,CUAUTLANCINGO,Cuautlancingo,Puebla,,TRUE,"CUAUTLANCINGO, PUEBLA",1253.1,1991 AG Census
218,CHIAUTZINGO,Chiautzingo,Puebla,,TRUE,"CHIAUTZINGO, PUEBLA",1708.7,1991 AG Census
222,CHIGMECATITLAN,Chigmecatitlan,Puebla,,TRUE,"CHIGMECATITLAN, PUEBLA",384.6,1991 AG Census
230,DOMINGO ARENAS,Domingo Arenas,Puebla,,TRUE,"DOMINGO ARENAS, PUEBLA",1237.9,1991 AG Census
232,EPATLAN,Epatlan,Puebla,,TRUE,"EPATLAN, PUEBLA",1670.7,1991 AG Census
235,GENERAL FELIPE ANGELES,General Felipe angeles,Puebla,,TRUE,"GENERAL FELIPE ANGELES, PUEBLA",995,1991 AG Census
239,HUAQUECHULA,Huaquechula,Puebla,,TRUE,"HUAQUECHULA, PUEBLA",889.1,1991 AG Census
240,HUATLATLAUCA,Huatlatlauca,Puebla,,TRUE,"HUATLATLAUCA, PUEBLA",274.7,1991 AG Census
242,HUEHUETLA,Huehuetla,Puebla,,TRUE,"HUEHUETLA, PUEBLA",1177.3,1991 AG Census
244,HUEJOTZINGO,Huejotzingo,Puebla,,TRUE,"HUEJOTZINGO, PUEBLA",1195,1991 AG Census
249,HUITZILTEPEC,Huitziltepec,Puebla,,TRUE,"HUITZILTEPEC, PUEBLA",934.4,1991 AG Census
260,JUANC. BONILLA,Juan C. Bonilla,Puebla,,TRUE,"JUAN C. BONILLA, PUEBLA",1701.4,1991 AG Census
265,"MAGDALENA TLATLAUQUITEPEC, LA",La Magdalena Tlatlauquitepec,Puebla,,TRUE,"LA MAGDALENA TLATLAUQUITEPEC, PUEBLA",268.1,1991 AG Census
266,MAZAPILTEPEC DE JUAREZ,Mazapiltepec de Juarez,Puebla,,TRUE,"MAZAPILTEPEC DE JUAREZ, PUEBLA",1316.6,1991 AG Census
267,MIXTLA,Mixtla,Puebla,,TRUE,"MIXTLA, PUEBLA",724.6,1991 AG Census
268,MOLCAXAC,Molcaxac,Puebla,,TRUE,"MOLCAXAC, PUEBLA",391.6,1991 AG Census
272,NEALTICAN,Nealtican,Puebla,,TRUE,"NEALTICAN, PUEBLA",1755.9,1991 AG Census
274,NOPALUCAN,Nopalucan,Puebla,,TRUE,"NOPALUCAN, PUEBLA",1130,1991 AG Census
276,OCOYUCAN,Ocoyucan,Puebla,,TRUE,"OCOYUCAN, PUEBLA",668.6,1991 AG Census
284,PUEBLA,Puebla,Puebla,,TRUE,"PUEBLA, PUEBLA",914.6,1991 AG Census
285,QUECHOLAC,Quecholac,Puebla,,TRUE,"QUECHOLAC, PUEBLA",1032,1991 AG Census
287,RAFAEL LARA GRAJALES,Rafael Lara Grajales,Puebla,,TRUE,"RAFAEL LARA GRAJALES, PUEBLA",1239.6,1991 AG Census
288,"REYES DE JUAREZ, LOS",Los Reyes de Juarez,Puebla,,TRUE,"LOS REYES DE JUAREZ, PUEBLA",1233.9,1991 AG Census
289,SAN ANDRES CHOLULA,San Andres Cholula,Puebla,,TRUE,"SAN ANDRES CHOLULA, PUEBLA",966.8,1991 AG Census
291,SAN DIEGO LA MESA TOCHIMILTZINGO,San Diego La Mesa Tochimiltzingo,Puebla,,TRUE,"SAN DIEGO LA MESA TOCHIMILTZINGO, PUEBLA",703.2,1991 AG Census
292,SAN FELIPE TEOTLALCINGO,San Felipe Teotlalcingo,Puebla,,TRUE,"SAN FELIPE TEOTLALCINGO, PUEBLA",1319.9,1991 AG Census
295,SAN GREGORIO ATZOMPA,San Gregorio Atzompa,Puebla,,TRUE,"SAN GREGORIO ATZOMPA, PUEBLA",1775.8,1991 AG Census
296,SAN JERONIMO TECUANIPAN,San Jeronimo Tecuanipan,Puebla,,TRUE,"SAN JERONIMO TECUANIPAN, PUEBLA",1252.6,1991 AG Census
298,SAN JOSE CHIAPA,San Jose Chiapa,Puebla,,TRUE,"SAN JOSE CHIAPA, PUEBLA",1325.2,1991 AG Census
301,SAN JUAN ATZOMPA,San Juan Atzompa,Puebla,,TRUE,"SAN JUAN ATZOMPA, PUEBLA",616.6,1991 AG Census
302,SAN MARTIN TEXMELUCAN,San Martin Texmelucan,Puebla,,TRUE,"SAN MARTIN TEXMELUCAN, PUEBLA",1694.6,1991 AG Census
303,SAN MARTIN TOTOLTEPEC,San Martin Totoltepec,Puebla,,TRUE,"SAN MARTIN TOTOLTEPEC, PUEBLA",825.1,1991 AG Census
304,SAN MATIAS TLALANCALECA,San Matias Tlalancaleca,Puebla,,TRUE,"SAN MATIAS TLALANCALECA, PUEBLA",1285.3,1991 AG Census
306,SAN MIGUEL XOXTLA,San Miguel Xoxtla,Puebla,,TRUE,"SAN MIGUEL XOXTLA, PUEBLA",2012.4,1991 AG Census
308,SAN NICOLAS DE LOS RANCHOS,San Nicolas de los Ranchos,Puebla,,TRUE,"SAN NICOLAS DE LOS RANCHOS, PUEBLA",1325.2,1991 AG Census
310,SAN PEDRO CHOLULA,San Pedro Cholula,Puebla,,TRUE,"SAN PEDRO CHOLULA, PUEBLA",1376.5,1991 AG Census
313,SAN SALVADOR EL VERDE,San Salvador el Verde,Puebla,,TRUE,"SAN SALVADOR EL VERDE, PUEBLA",1509.9,1991 AG Census
314,SAN SALVADOR HUIXCOLOTLA,San Salvador Huixcolotla,Puebla,,TRUE,"SAN SALVADOR HUIXCOLOTLA, PUEBLA",1089.6,1991 AG Census
316,SANTA CATARINA TLALTEMPAN,Santa Catarina Tlaltempan,Puebla,,TRUE,"SANTA CATARINA TLALTEMPAN, PUEBLA",210.5,1991 AG Census
318,SANTA ISABEL CHOLULA,Santa Isabel Cholula,Puebla,,TRUE,"SANTA ISABEL CHOLULA, PUEBLA",1482.6,1991 AG Census
321,SANTO TOMAS HUEYOTLIPAN,Santo Tomas Hueyotlipan,Puebla,,TRUE,"SANTO TOMAS HUEYOTLIPAN, PUEBLA",1173.7,1991 AG Census
322,SOLTEPEC,Soltepec,Puebla,,TRUE,"SOLTEPEC, PUEBLA",1231.2,1991 AG Census
323,TECALI DE HERRERA,Tecali de Herrera,Puebla,,TRUE,"TECALI DE HERRERA, PUEBLA",384.6,1991 AG Census
324,TECAMACHALCO,Tecamachalco,Puebla,,TRUE,"TECAMACHALCO, PUEBLA",1278.9,1991 AG Census
329,TEOPANTLAN,Teopantlan,Puebla,,TRUE,"TEOPANTLAN, PUEBLA",463.6,1991 AG Census
333,TEPATLAXCO DE HIDALGO,Tepatlaxco de Hidalgo,Puebla,,TRUE,"TEPATLAXCO DE HIDALGO, PUEBLA",1083,1991 AG Census
334,TEPEACA,Tepeaca,Puebla,,TRUE,"TEPEACA, PUEBLA",907.6,1991 AG Census
335,TEPEMAXALCO,Tepemaxalco,Puebla,,TRUE,"TEPEMAXALCO, PUEBLA",920,1991 AG Census
336,TEPEOJUMA,Tepeojuma,Puebla,,TRUE,"TEPEOJUMA, PUEBLA",1276.9,1991 AG Census
338,TEPEXCO,Tepexco,Puebla,,TRUE,"TEPEXCO, PUEBLA",770.4,1991 AG Census
341,TEPEYAHUALCO DE CUAUHTEMOC,Tepeyahualco de Cuauhtemoc,Puebla,,TRUE,"TEPEYAHUALCO DE CUAUHTEMOC, PUEBLA",1463,1991 AG Census
345,TIANGUISMANALCO,Tianguismanalco,Puebla,,TRUE,"TIANGUISMANALCO, PUEBLA",1538,1991 AG Census
346,TILAPA,Tilapa,Puebla,,TRUE,"TILAPA, PUEBLA",812.8,1991 AG Census
350,TLAHUAPAN,Tlahuapan,Puebla,,TRUE,"TLAHUAPAN, PUEBLA",1486.5,1991 AG Census
351,TLALTENANGO,Tlaltenango,Puebla,,TRUE,"TLALTENANGO, PUEBLA",1843.6,1991 AG Census
352,TLANEPANTLA,Tlanepantla,Puebla,,TRUE,"TLANEPANTLA, PUEBLA",997.3,1991 AG Census
355,TLAPANALA,Tlapanala,Puebla,,TRUE,"TLAPANALA, PUEBLA",879.2,1991 AG Census
358,TOCHIMILCO,Tochimilco,Puebla,,TRUE,"TOCHIMILCO, PUEBLA",1229.9,1991 AG Census
359,TOCHTEPEC,Tochtepec,Puebla,,TRUE,"TOCHTEPEC, PUEBLA",1474.8,1991 AG Census
363,TZICATLACOYAN,Tzicatlacoyan,Puebla,,TRUE,"TZICATLACOYAN, PUEBLA",248.5,1991 AG Census
371,XOCHILTEPEC,Xochiltepec,Puebla,,TRUE,"XOCHILTEPEC, PUEBLA",902.8,1991 AG Census
373,XOCHITLAN TODOS SANTOS,Xochitlan Todos Santos,Puebla,,TRUE,"XOCHITLAN TODOS SANTOS, PUEBLA",920,1991 AG Census
375,YEHUALTEPEC,Yehualtepec,Puebla,,TRUE,"YEHUALTEPEC, PUEBLA",996,1991 AG Census
388,AMAXAC DE GUERRERO,Amaxac de Guerrero,Tlaxcala,Tlaxcala,TRUE,"AMAXAC DE GUERRERO, TLAXCALA",887.4,1991 AG Census
389,APETATITLAN DE ANTONIO CARVAJAL,Apetatitlan de Antonio Carvajal,Tlaxcala,Tlaxcala,TRUE,"APETATITLAN DE ANTONIO CARVAJAL, TLAXCALA",995.8,1991 AG Census
390,ATLANGATEPEC,Atlangatepec,Tlaxcala,Tlaxcala,TRUE,"ATLANGATEPEC, TLAXCALA",525.7,1991 AG Census
391,ALTZAYANCA,Altzayanca,Tlaxcala,Tlaxcala,TRUE,"ATLTZAYANCA, TLAXCALA",903.9,1991 AG Census
392,APIZACO,Apizaco,Tlaxcala,Tlaxcala,TRUE,"APIZACO, TLAXCALA",845.4,1991 AG Census
393,CALPULALPAN,Calpulalpan,Tlaxcala,Tlaxcala,TRUE,"CALPULALPAN, TLAXCALA",1156.2,1991 AG Census
394,"CARMEN TEQUEXQUITLA, EL",El Carmen Tequexquitla,Tlaxcala,Tlaxcala,TRUE,"EL CARMEN TEQUEXQUITLA, TLAXCALA",975.1,1991 AG Census
395,CUAPIAXTLA,Cuapiaxtla,Tlaxcala,Tlaxcala,TRUE,"CUAPIAXTLA, TLAXCALA",1416.1,1991 AG Census
396,CUAXOMULCO,Cuaxomulco,Tlaxcala,Tlaxcala,TRUE,"CUAXOMULCO, TLAXCALA",1267.7,1991 AG Census
397,CHIAUTEMPAN,Chiautempan,Tlaxcala,Tlaxcala,TRUE,"CHIAUTEMPAN, TLAXCALA",1330.1,1991 AG Census
398,MUÑOZ DE DOMINGO ARENAS,Muñoz de Domingo Arenas,Tlaxcala,Tlaxcala,TRUE,"MUNOZ DE DOMINGO ARENAS, TLAXCALA",959.1,1991 AG Census
399,ESPAÑITA,Españita,Tlaxcala,Tlaxcala,TRUE,"ESPANITA, TLAXCALA",961.3,1991 AG Census
400,HUAMANTLA,Huamantla,Tlaxcala,Tlaxcala,TRUE,"HUAMANTLA, TLAXCALA",1065.1,1991 AG Census
401,HUEYOTLIPAN,Hueyotlipan,Tlaxcala,Tlaxcala,TRUE,"HUEYOTLIPAN, TLAXCALA",878.2,1991 AG Census
402,IXTACUIXTLA DE M MATAMOROS,Ixtacuixtla de Mariano Matamoros,Tlaxcala,Tlaxcala,TRUE,"IXTACUIXTLA DE MARIANO MATAMOROS, TLAXCALA",1353.7,1991 AG Census
403,IXTENCO,Ixtenco,Tlaxcala,Tlaxcala,TRUE,"IXTENCO, TLAXCALA",1204.7,1991 AG Census
404,MAZATECOCHCO DE J M MORELOS,Mazatecochco de Jose Maria Morelos,Tlaxcala,Tlaxcala,TRUE,"MAZATECOCHCO DE JOSE MARIA MORELOS, TLAXCALA",1227.7,1991 AG Census
405,CONTLA DE JUAN CUAMATZI,Contla de Juan Cuamatzi,Tlaxcala,Tlaxcala,TRUE,"CONTLA DE JUAN CUAMATZI, TLAXCALA",1271.6,1991 AG Census
406,TEPETITLA DE LARDIZABAL,Tepetitla de Lardizabal,Tlaxcala,Tlaxcala,TRUE,"TEPETITLA DE LARDIZABAL, TLAXCALA",1575.8,1991 AG Census
407,SANCTORUM DE LAZARO CARDENAS,Sanctorum de Lazaro Cardenas,Tlaxcala,Tlaxcala,TRUE,"SANCTORUM DE LAZARO CARDENAS, TLAXCALA",1207.4,1991 AG Census
408,NANACAMILPA DE MARIANO ARISTA,Nanacamilpa de Mariano Arista,Tlaxcala,Tlaxcala,TRUE,"NANACAMILPA DE MARIANO ARISTA, TLAXCALA",1484.3,1991 AG Census
409,ACUAMANALA DE MIGUEL HIDALGO,Acuamanala de Miguel Hidalgo,Tlaxcala,Tlaxcala,TRUE,"ACUAMANALA DE MIGUEL HIDALGO, TLAXCALA",1166.2,1991 AG Census
410,NATIVITAS,Nativitas,Tlaxcala,Tlaxcala,TRUE,"NATIVITAS, TLAXCALA",1672.1,1991 AG Census
411,PANOTLA,Panotla,Tlaxcala,Tlaxcala,TRUE,"PANOTLA, TLAXCALA",1273.5,1991 AG Census
412,SAN PABLO DEL MONTE,San Pablo del Monte,Tlaxcala,Tlaxcala,TRUE,"SAN PABLO DEL MONTE, TLAXCALA",1561.4,1991 AG Census
413,SANTA CRUZ TLAXCALA,Santa Cruz Tlaxcala,Tlaxcala,Tlaxcala,TRUE,"SANTA CRUZ TLAXCALA, TLAXCALA",1033.9,1991 AG Census
414,TENANCINGO,Tenancingo,Tlaxcala,Tlaxcala,TRUE,"TOCATLAN, TLAXCALA",1259.6,1991 AG Census
415,TEOLOCHOLCO,Teolocholco,Tlaxcala,Tlaxcala,TRUE,"TENANCINGO, TLAXCALA",1692.4,1991 AG Census
416,TEPEYANCO,Tepeyanco,Tlaxcala,Tlaxcala,TRUE,"TEOLOCHOLCO, TLAXCALA",1795.3,1991 AG Census
417,TERRENATE,Terrenate,Tlaxcala,Tlaxcala,TRUE,"TEPEYANCO, TLAXCALA",1196.3,1991 AG Census
418,TETLA,Tetla de la Solidaridad,Tlaxcala,Tlaxcala,TRUE,"TERRENATE, TLAXCALA",967.1,1991 AG Census
419,TETLATLAHUCA,Tetlatlahuca,Tlaxcala,Tlaxcala,TRUE,"TETLA DE LA SOLIDARIDAD, TLAXCALA",1465.1,1991 AG Census
420,TLAXCALA,Tlaxcala,Tlaxcala,Tlaxcala,TRUE,"TETLATLAHUCA, TLAXCALA",1183.7,1991 AG Census
421,TLAXCO,Tlaxco,Tlaxcala,Tlaxcala,TRUE,"TLAXCALA, TLAXCALA",896.7,1991 AG Census
422,TOCATLAN,Tocatlan,Tlaxcala,Tlaxcala,TRUE,"TLAXCO, TLAXCALA",1179.4,1991 AG Census
423,TOTOLAC,Totolac,Tlaxcala,Tlaxcala,TRUE,"TOTOLAC, TLAXCALA",1044.5,1991 AG Census
424,ZITLALTEPEC DE TRINIDAD SCHEZ S.,Zitlaltepec de Trinidad Sanchez Santos,Tlaxcala,Tlaxcala,TRUE,"ZILTLALTEPEC DE TRINIDAD SANCHEZ SANTOS, TLAXCALA",1247.3,1991 AG Census
425,TZOMPANTEPEC,Tzompantepec,Tlaxcala,Tlaxcala,TRUE,"TZOMPANTEPEC, TLAXCALA",1007.7,1991 AG Census
426,XALOZTOC,Xaloztoc,Tlaxcala,Tlaxcala,TRUE,"XALOZTOC, TLAXCALA",1056.9,1991 AG Census
427,XALTOCAN,Xaltocan,Tlaxcala,Tlaxcala,TRUE,"XALTOCAN, TLAXCALA",762.2,1991 AG Census
428,PAPALOTLA DE XICOHTENCATL,Papalotla de Xicohtencatl,Tlaxcala,Tlaxcala,TRUE,"PAPALOTLA DE XICOHTENCATL, TLAXCALA",2118.9,1991 AG Census
429,XICOTZINGO,Xicohtzinco,Tlaxcala,Tlaxcala,TRUE,"XICOHTZINCO, TLAXCALA",1722.4,1991 AG Census
430,YAUHQUEMEHCAN,Yauhquemecan,Tlaxcala,Tlaxcala,TRUE,"YAUHQUEMEHCAN, TLAXCALA",870.6,1991 AG Census
431,ZACATELCO,Zacatelco,Tlaxcala,Tlaxcala,TRUE,"ZACATELCO, TLAXCALA",2089.5,1991 AG Census
436,AJACUBA,Ajacuba,Hidalgo,,TRUE,"AJACUBA, HIDALGO",455.5,1991 AG Census
438,ALMOLOYA,Almoloya,Hidalgo,,TRUE,"ALMOLOYA, HIDALGO",1001.3,1991 AG Census
439,APAN,Apan,Hidalgo,,TRUE,"APAN, HIDALGO",1070,1991 AG Census
441,ATITALAQUIA,Atitalaquia,Hidalgo,,TRUE,"ATITALAQUIA, HIDALGO",1838.5,1991 AG Census
444,ATOTONILCO DE TULA,Atotonilco de Tula,Hidalgo,,TRUE,"ATOTONILCO DE TULA, HIDALGO",816.3,1991 AG Census
452,EMILIANO ZAPATA,Emiliano Zapata,Hidalgo,,TRUE,"EMILIANO ZAPATA, HIDALGO",977.3,1991 AG Census
453,EPAZOYUCAN,Epazoyucan,Hidalgo,,TRUE,"EPAZOYUCAN, HIDALGO",470.1,1991 AG Census
454,FRANCISCO I. MADERO,Francisco I. Madero,Hidalgo,,TRUE,"FRANCISCO I. MADERO, HIDALGO",2875.8,1991 AG Census
470,MINERAL DEL MONTE,Mineral del Monte,Hidalgo,,TRUE,"MINERAL DEL MONTE, HIDALGO",581.8,1991 AG Census
472,MIXQUIAHUALA DE JUAREZ,Mixquiahuala de Juarez,Hidalgo,,TRUE,"MIXQUIAHUALA DE JUAREZ, HIDALGO",2908.9,1991 AG Census
479,PACHUCA DE SOTO,Pachuca de Soto,Hidalgo,,TRUE,"PACHUCA DE SOTO, HIDALGO",694.5,1991 AG Census
482,MINERAL DE LA REFORMA,Mineral de la Reforma,Hidalgo,,TRUE,"MINERAL DE LA REFORMA, HIDALGO",740.9,1991 AG Census
483,SAN AGUSTIN TLAXIACA,San Agustin Tlaxiaca,Hidalgo,,TRUE,"SAN AGUSTIN TLAXIACA, HIDALGO",1025.6,1991 AG Census
488,SINGUILUCAN,Singuilucan,Hidalgo,,TRUE,"SINGUILUCAN, HIDALGO",855.7,1991 AG Census
492,TEPEAPULCO,Tepeapulco,Hidalgo,,TRUE,"TEPEAPULCO, HIDALGO",751,1991 AG Census
494,TEPEJI DEL RIO DE OCAMPO,Tepeji del Rio de Ocampo,Hidalgo,,TRUE,"TEPEJI DEL RIO DE OCAMPO, HIDALGO",696.6,1991 AG Census
495,TEPETITLAN,Tepetitlan,Hidalgo,,TRUE,"TEPETITLAN, HIDALGO",925.9,1991 AG Census
496,TETEPANGO,Tetepango,Hidalgo,,TRUE,"TETEPANGO, HIDALGO",1738.8,1991 AG Census
497,VILLA DE TEZONTEPEC,Villa de Tezontepec,Hidalgo,,TRUE,"VILLA DE TEZONTEPEC, HIDALGO",612.1,1991 AG Census
498,TEZONTEPEC DE ALDAMA,Tezontepec de Aldama,Hidalgo,,TRUE,"TEZONTEPEC DE ALDAMA, HIDALGO",3439.8,1991 AG Census
500,TIZAYUCA,Tizayuca,Hidalgo,,TRUE,"TIZAYUCA, HIDALGO",1257.9,1991 AG Census
501,TLAHUELILPAN,Tlahuelilpan,Hidalgo,,TRUE,,3178.4,1991 AG Census
503,TLANALAPA,Tlanalapa,Hidalgo,,TRUE,"TLANALAPA, HIDALGO",673,1991 AG Census
505,TLAXCOAPAN,Tlaxcoapan,Hidalgo,,TRUE,"TLAXCOAPAN, HIDALGO",2786.8,1991 AG Census
506,TOLCAYUCA,Tolcayuca,Hidalgo,,TRUE,"TOLCAYUCA, HIDALGO",591.6,1991 AG Census
507,TULA DE ALLENDE,Tula de Allende,Hidalgo,,TRUE,"TULA DE ALLENDE, HIDALGO",1255.1,1991 AG Census
513,ZAPOTLAN DE JUAREZ,Zapotlan de Juarez,Hidalgo,,TRUE,"ZAPOTLAN DE JUAREZ, HIDALGO",598,1991 AG Census
514,ZEMPOALA,Zempoala,Hidalgo,,TRUE,"ZEMPOALA, HIDALGO",578.6,1991 AG Census
