"","Estado_ID","Estado","ddr_ID","ddr","Cader_ID","Cader","Municipio_ID","Municipio","EstadoMunicipio",".remove_duplicates"
"1",9,"Distrito Federal",42,"Xochimilco",1,"San Mateo Xalpa",12,"Tlalpan","Tlalpan, Distrito Federal",TRUE
"2",9,"Distrito Federal",42,"Xochimilco",1,"San Mateo Xalpa",13,"Xochimilco","Xochimilco, Distrito Federal",TRUE
"3",9,"Distrito Federal",42,"Xochimilco",2,"San Antonio Tecomitl",9,"Milpa Alta","Milpa Alta, Distrito Federal",TRUE
"4",9,"Distrito Federal",42,"Xochimilco",2,"San Antonio Tecomitl",11,"Tlahuac","Tlahuac, Distrito Federal",TRUE
"5",9,"Distrito Federal",42,"Xochimilco",3,"San Nicolas Totolapan",4,"Cuajimalpa de Morelos","Cuajimalpa de Morelos, Distrito Federal",TRUE
"6",9,"Distrito Federal",42,"Xochimilco",3,"San Nicolas Totolapan",8,"La Magdalena Contreras","La Magdalena Contreras, Distrito Federal",TRUE
"7",9,"Distrito Federal",42,"Xochimilco",3,"San Nicolas Totolapan",10,"Alvaro Obregon","Alvaro Obregon, Distrito Federal",TRUE
"8",13,"Hidalgo",59,"Huejutla",1,"Huejutla",26,"Huazalingo","Huazalingo, Hidalgo",TRUE
"9",13,"Hidalgo",59,"Huejutla",1,"Huejutla",28,"Huejutla de Reyes","Huejutla de Reyes, Hidalgo",TRUE
"10",13,"Hidalgo",59,"Huejutla",2,"Atlapexco",11,"Atlapexco","Atlapexco, Hidalgo",TRUE
"11",13,"Hidalgo",59,"Huejutla",2,"Atlapexco",25,"Huautla","Huautla, Hidalgo",TRUE
"12",13,"Hidalgo",59,"Huejutla",2,"Atlapexco",78,"Xochiatipan","Xochiatipan, Hidalgo",TRUE
"13",13,"Hidalgo",59,"Huejutla",2,"Atlapexco",80,"Yahualica","Yahualica, Hidalgo",TRUE
"14",13,"Hidalgo",59,"Huejutla",3,"Orizatlan",32,"Jaltocan","Jaltocan, Hidalgo",TRUE
"15",13,"Hidalgo",59,"Huejutla",3,"Orizatlan",46,"San Felipe Orizatlan","San Felipe Orizatlan, Hidalgo",TRUE
"16",13,"Hidalgo",60,"Zacualtipan",1,"Molango",20,"Eloxochitlan","Eloxochitlan, Hidalgo",TRUE
"17",13,"Hidalgo",60,"Zacualtipan",1,"Molango",33,"Juarez Hidalgo","Juarez Hidalgo, Hidalgo",TRUE
"18",13,"Hidalgo",60,"Zacualtipan",1,"Molango",42,"Molango de Escamilla","Molango de Escamilla, Hidalgo",TRUE
"19",13,"Hidalgo",60,"Zacualtipan",1,"Molango",71,"Tlahuiltepa","Tlahuiltepa, Hidalgo",TRUE
"20",13,"Hidalgo",60,"Zacualtipan",1,"Molango",79,"Xochicoatlan","Xochicoatlan, Hidalgo",TRUE
"21",13,"Hidalgo",60,"Zacualtipan",2,"Metztitlan",37,"Metztitlan","Metztitlan, Hidalgo",TRUE
"22",13,"Hidalgo",60,"Zacualtipan",3,"Tlanchinol",14,"Calnali","Calnali, Hidalgo",TRUE
"23",13,"Hidalgo",60,"Zacualtipan",3,"Tlanchinol",34,"Lolotla","Lolotla, Hidalgo",TRUE
"24",13,"Hidalgo",60,"Zacualtipan",3,"Tlanchinol",62,"Tepehuacan de Guerrero","Tepehuacan de Guerrero, Hidalgo",TRUE
"25",13,"Hidalgo",60,"Zacualtipan",3,"Tlanchinol",73,"Tlanchinol","Tlanchinol, Hidalgo",TRUE
"26",13,"Hidalgo",60,"Zacualtipan",4,"Zacualtipan",36,"San Agustin Metzquititlan","San Agustin Metzquititlan, Hidalgo",TRUE
"27",13,"Hidalgo",60,"Zacualtipan",4,"Zacualtipan",68,"Tianguistengo","Tianguistengo, Hidalgo",TRUE
"28",13,"Hidalgo",60,"Zacualtipan",4,"Zacualtipan",81,"Zacualtipan de angeles","Zacualtipan de angeles, Hidalgo",TRUE
"29",13,"Hidalgo",61,"Tulancingo",1,"Tulancingo",1,"Acatlan","Acatlan, Hidalgo",TRUE
"30",13,"Hidalgo",61,"Tulancingo",1,"Tulancingo",2,"Acaxochitlan","Acaxochitlan, Hidalgo",TRUE
"31",13,"Hidalgo",61,"Tulancingo",1,"Tulancingo",16,"Cuautepec de Hinojosa","Cuautepec de Hinojosa, Hidalgo",TRUE
"32",13,"Hidalgo",61,"Tulancingo",1,"Tulancingo",56,"Santiago Tulantepec de Lugo Guerrero","Santiago Tulantepec de Lugo Guerrero, Hidalgo",TRUE
"33",13,"Hidalgo",61,"Tulancingo",1,"Tulancingo",57,"Singuilucan","Singuilucan, Hidalgo",TRUE
"34",13,"Hidalgo",61,"Tulancingo",1,"Tulancingo",77,"Tulancingo de Bravo","Tulancingo de Bravo, Hidalgo",TRUE
"35",13,"Hidalgo",61,"Tulancingo",2,"San Bartolo Tutotepec",4,"Agua Blanca de Iturbide","Agua Blanca de Iturbide, Hidalgo",TRUE
"36",13,"Hidalgo",61,"Tulancingo",2,"San Bartolo Tutotepec",27,"Huehuetla","Huehuetla, Hidalgo",TRUE
"37",13,"Hidalgo",61,"Tulancingo",2,"San Bartolo Tutotepec",35,"Metepec","Metepec, Hidalgo",TRUE
"38",13,"Hidalgo",61,"Tulancingo",2,"San Bartolo Tutotepec",53,"San Bartolo Tutotepec","San Bartolo Tutotepec, Hidalgo",TRUE
"39",13,"Hidalgo",61,"Tulancingo",2,"San Bartolo Tutotepec",60,"Tenango de Doria","Tenango de Doria, Hidalgo",TRUE
"40",13,"Hidalgo",62,"Pachuca",1,"Pachuca",22,"Epazoyucan","Epazoyucan, Hidalgo",TRUE
"41",13,"Hidalgo",62,"Pachuca",1,"Pachuca",48,"Pachuca de Soto","Pachuca de Soto, Hidalgo",TRUE
"42",13,"Hidalgo",62,"Pachuca",1,"Pachuca",51,"Mineral de La Reforma","Mineral de La Reforma, Hidalgo",TRUE
"43",13,"Hidalgo",62,"Pachuca",1,"Pachuca",52,"San Agustin Tlaxiaca","San Agustin Tlaxiaca, Hidalgo",TRUE
"44",13,"Hidalgo",62,"Pachuca",1,"Pachuca",66,"Villa de Tezontepec","Villa de Tezontepec, Hidalgo",TRUE
"45",13,"Hidalgo",62,"Pachuca",1,"Pachuca",69,"Tizayuca","Tizayuca, Hidalgo",TRUE
"46",13,"Hidalgo",62,"Pachuca",1,"Pachuca",75,"Tolcayuca","Tolcayuca, Hidalgo",TRUE
"47",13,"Hidalgo",62,"Pachuca",1,"Pachuca",82,"Zapotlan de Juarez","Zapotlan de Juarez, Hidalgo",TRUE
"48",13,"Hidalgo",62,"Pachuca",1,"Pachuca",83,"Zempoala","Zempoala, Hidalgo",TRUE
"49",13,"Hidalgo",62,"Pachuca",2,"Atotonilco",12,"Atotonilco El Grande","Atotonilco El Grande, Hidalgo",TRUE
"50",13,"Hidalgo",62,"Pachuca",2,"Atotonilco",24,"Huasca de Ocampo","Huasca de Ocampo, Hidalgo",TRUE
"51",13,"Hidalgo",62,"Pachuca",2,"Atotonilco",38,"Mineral del Chico","Mineral del Chico, Hidalgo",TRUE
"52",13,"Hidalgo",62,"Pachuca",2,"Atotonilco",39,"Mineral del Monte","Mineral del Monte, Hidalgo",TRUE
"53",13,"Hidalgo",62,"Pachuca",2,"Atotonilco",45,"Omitlan de Juarez","Omitlan de Juarez, Hidalgo",TRUE
"54",13,"Hidalgo",62,"Pachuca",3,"Apan",7,"Almoloya","Almoloya, Hidalgo",TRUE
"55",13,"Hidalgo",62,"Pachuca",3,"Apan",8,"Apan","Apan, Hidalgo",TRUE
"56",13,"Hidalgo",62,"Pachuca",3,"Apan",21,"Emiliano Zapata","Emiliano Zapata, Hidalgo",TRUE
"57",13,"Hidalgo",62,"Pachuca",3,"Apan",61,"Tepeapulco","Tepeapulco, Hidalgo",TRUE
"58",13,"Hidalgo",62,"Pachuca",3,"Apan",72,"Tlanalapa","Tlanalapa, Hidalgo",TRUE
"59",13,"Hidalgo",63,"Mixquiahuala",1,"Alfajayucan",6,"Alfajayucan","Alfajayucan, Hidalgo",TRUE
"60",13,"Hidalgo",63,"Mixquiahuala",2,"Ixmiquilpan",15,"Cardonal","Cardonal, Hidalgo",TRUE
"61",13,"Hidalgo",63,"Mixquiahuala",2,"Ixmiquilpan",30,"Ixmiquilpan","Ixmiquilpan, Hidalgo",TRUE
"62",13,"Hidalgo",63,"Mixquiahuala",2,"Ixmiquilpan",58,"Tasquillo","Tasquillo, Hidalgo",TRUE
"63",13,"Hidalgo",63,"Mixquiahuala",3,"Chilcuautla",19,"Chilcuautla","Chilcuautla, Hidalgo",TRUE
"64",13,"Hidalgo",63,"Mixquiahuala",4,"Actopan",3,"Actopan","Actopan, Hidalgo",TRUE
"65",13,"Hidalgo",63,"Mixquiahuala",4,"Actopan",9,"El Arenal","El Arenal, Hidalgo",TRUE
"66",13,"Hidalgo",63,"Mixquiahuala",4,"Actopan",23,"Francisco I. Madero","Francisco I. Madero, Hidalgo",TRUE
"67",13,"Hidalgo",63,"Mixquiahuala",4,"Actopan",54,"San Salvador","San Salvador, Hidalgo",TRUE
"68",13,"Hidalgo",63,"Mixquiahuala",4,"Actopan",55,"Santiago de Anaya","Santiago de Anaya, Hidalgo",TRUE
"69",13,"Hidalgo",63,"Mixquiahuala",5,"Mixquiahuala",41,"Mixquiahuala de Juarez","Mixquiahuala de Juarez, Hidalgo",TRUE
"70",13,"Hidalgo",63,"Mixquiahuala",5,"Mixquiahuala",50,"Progreso de Obregon","Progreso de Obregon, Hidalgo",TRUE
"71",13,"Hidalgo",63,"Mixquiahuala",5,"Mixquiahuala",67,"Tezontepec de Aldama","Tezontepec de Aldama, Hidalgo",TRUE
"72",13,"Hidalgo",63,"Mixquiahuala",6,"Tlahuelilpan",5,"Ajacuba","Ajacuba, Hidalgo",TRUE
"73",13,"Hidalgo",63,"Mixquiahuala",6,"Tlahuelilpan",10,"Atitalaquia","Atitalaquia, Hidalgo",TRUE
"74",13,"Hidalgo",63,"Mixquiahuala",6,"Tlahuelilpan",13,"Atotonilco de Tula","Atotonilco de Tula, Hidalgo",TRUE
"75",13,"Hidalgo",63,"Mixquiahuala",6,"Tlahuelilpan",65,"Tetepango","Tetepango, Hidalgo",TRUE
"76",13,"Hidalgo",63,"Mixquiahuala",6,"Tlahuelilpan",70,"Tlahuelilpan","Tlahuelilpan, Hidalgo",TRUE
"77",13,"Hidalgo",63,"Mixquiahuala",6,"Tlahuelilpan",74,"Tlaxcoapan","Tlaxcoapan, Hidalgo",TRUE
"78",13,"Hidalgo",63,"Mixquiahuala",7,"Tula",63,"Tepeji del Rio de Ocampo","Tepeji del Rio de Ocampo, Hidalgo",TRUE
"79",13,"Hidalgo",63,"Mixquiahuala",7,"Tula",64,"Tepetitlan","Tepetitlan, Hidalgo",TRUE
"80",13,"Hidalgo",63,"Mixquiahuala",7,"Tula",76,"Tula de Allende","Tula de Allende, Hidalgo",TRUE
"81",13,"Hidalgo",64,"Huichapan",1,"Chapulhuacan",18,"Chapulhuacan","Chapulhuacan, Hidalgo",TRUE
"82",13,"Hidalgo",64,"Huichapan",1,"Chapulhuacan",31,"Jacala de Ledezma","Jacala de Ledezma, Hidalgo",TRUE
"83",13,"Hidalgo",64,"Huichapan",1,"Chapulhuacan",40,"La Mision","La Mision, Hidalgo",TRUE
"84",13,"Hidalgo",64,"Huichapan",1,"Chapulhuacan",49,"Pisaflores","Pisaflores, Hidalgo",TRUE
"85",13,"Hidalgo",64,"Huichapan",2,"Zimapan",43,"Nicolas Flores","Nicolas Flores, Hidalgo",TRUE
"86",13,"Hidalgo",64,"Huichapan",2,"Zimapan",47,"Pacula","Pacula, Hidalgo",TRUE
"87",13,"Hidalgo",64,"Huichapan",2,"Zimapan",84,"Zimapan","Zimapan, Hidalgo",TRUE
"88",13,"Hidalgo",64,"Huichapan",3,"Huichapan",17,"Chapantongo","Chapantongo, Hidalgo",TRUE
"89",13,"Hidalgo",64,"Huichapan",3,"Huichapan",29,"Huichapan","Huichapan, Hidalgo",TRUE
"90",13,"Hidalgo",64,"Huichapan",3,"Huichapan",44,"Nopala de Villagran","Nopala de Villagran, Hidalgo",TRUE
"91",13,"Hidalgo",64,"Huichapan",3,"Huichapan",59,"Tecozautla","Tecozautla, Hidalgo",TRUE
"92",15,"Mexico",73,"Toluca",1,"Lerma",37,"Huixquilucan","Huixquilucan, Mexico",TRUE
"93",15,"Mexico",73,"Toluca",1,"Lerma",51,"Lerma","Lerma, Mexico",TRUE
"94",15,"Mexico",73,"Toluca",1,"Lerma",62,"Ocoyoacac","Ocoyoacac, Mexico",TRUE
"95",15,"Mexico",73,"Toluca",1,"Lerma",76,"San Mateo Atenco","San Mateo Atenco, Mexico",TRUE
"96",15,"Mexico",73,"Toluca",2,"Almoloya de Juarez",5,"Almoloya de Juarez","Almoloya de Juarez, Mexico",TRUE
"97",15,"Mexico",73,"Toluca",3,"Zinacantepec",118,"Zinacantepec","Zinacantepec, Mexico",TRUE
"98",15,"Mexico",73,"Toluca",4,"Tenango del Valle",49,"Joquicingo","Joquicingo, Mexico",TRUE
"99",15,"Mexico",73,"Toluca",4,"Tenango del Valle",72,"Rayon","Rayon, Mexico",TRUE
"100",15,"Mexico",73,"Toluca",4,"Tenango del Valle",73,"San Antonio La Isla","San Antonio La Isla, Mexico",TRUE
"101",15,"Mexico",73,"Toluca",4,"Tenango del Valle",90,"Tenango del Valle","Tenango del Valle, Mexico",TRUE
"102",15,"Mexico",73,"Toluca",5,"Toluca",54,"Metepec","Metepec, Mexico",TRUE
"103",15,"Mexico",73,"Toluca",5,"Toluca",106,"Toluca","Toluca, Mexico",TRUE
"104",15,"Mexico",73,"Toluca",6,"Temoaya",87,"Temoaya","Temoaya, Mexico",TRUE
"105",15,"Mexico",73,"Toluca",7,"Santiago Tianguistengo",6,"Almoloya del Rio","Almoloya del Rio, Mexico",TRUE
"106",15,"Mexico",73,"Toluca",7,"Santiago Tianguistengo",12,"Atizapan","Atizapan, Mexico",TRUE
"107",15,"Mexico",73,"Toluca",7,"Santiago Tianguistengo",19,"Capulhuac","Capulhuac, Mexico",TRUE
"108",15,"Mexico",73,"Toluca",7,"Santiago Tianguistengo",43,"Xalatlaco","Xalatlaco, Mexico",TRUE
"109",15,"Mexico",73,"Toluca",7,"Santiago Tianguistengo",98,"Texcalyacac","Texcalyacac, Mexico",TRUE
"110",15,"Mexico",73,"Toluca",7,"Santiago Tianguistengo",101,"Tianguistenco","Tianguistenco, Mexico",TRUE
"111",15,"Mexico",73,"Toluca",8,"Mexicalzingo",18,"Calimaya","Calimaya, Mexico",TRUE
"112",15,"Mexico",73,"Toluca",8,"Mexicalzingo",27,"Chapultepec","Chapultepec, Mexico",TRUE
"113",15,"Mexico",73,"Toluca",8,"Mexicalzingo",55,"Mexicaltzingo","Mexicaltzingo, Mexico",TRUE
"114",15,"Mexico",73,"Toluca",9,"Xonacatlan",67,"Otzolotepec","Otzolotepec, Mexico",TRUE
"115",15,"Mexico",73,"Toluca",9,"Xonacatlan",115,"Xonacatlan","Xonacatlan, Mexico",TRUE
"116",15,"Mexico",74,"Zumpango",1,"Zumpango",10,"Apaxco","Apaxco, Mexico",TRUE
"117",15,"Mexico",74,"Zumpango",1,"Zumpango",36,"Hueypoxtla","Hueypoxtla, Mexico",TRUE
"118",15,"Mexico",74,"Zumpango",1,"Zumpango",44,"Jaltenco","Jaltenco, Mexico",TRUE
"119",15,"Mexico",74,"Zumpango",1,"Zumpango",59,"Nextlalpan","Nextlalpan, Mexico",TRUE
"120",15,"Mexico",74,"Zumpango",1,"Zumpango",81,"Tecamac","Tecamac, Mexico",TRUE
"121",15,"Mexico",74,"Zumpango",1,"Zumpango",96,"Tequixquiac","Tequixquiac, Mexico",TRUE
"122",15,"Mexico",74,"Zumpango",1,"Zumpango",120,"Zumpango","Zumpango, Mexico",TRUE
"123",15,"Mexico",74,"Zumpango",2,"San Juan Teotihuacan",2,"Acolman","Acolman, Mexico",TRUE
"124",15,"Mexico",74,"Zumpango",2,"San Juan Teotihuacan",16,"Axapusco","Axapusco, Mexico",TRUE
"125",15,"Mexico",74,"Zumpango",2,"San Juan Teotihuacan",61,"Nopaltepec","Nopaltepec, Mexico",TRUE
"126",15,"Mexico",74,"Zumpango",2,"San Juan Teotihuacan",65,"Otumba","Otumba, Mexico",TRUE
"127",15,"Mexico",74,"Zumpango",2,"San Juan Teotihuacan",75,"San Martin de Las Piramides","San Martin de Las Piramides, Mexico",TRUE
"128",15,"Mexico",74,"Zumpango",2,"San Juan Teotihuacan",84,"Temascalapa","Temascalapa, Mexico",TRUE
"129",15,"Mexico",74,"Zumpango",2,"San Juan Teotihuacan",92,"Teotihuacan","Teotihuacan, Mexico",TRUE
"130",15,"Mexico",74,"Zumpango",2,"San Juan Teotihuacan",100,"Tezoyuca","Tezoyuca, Mexico",TRUE
"131",15,"Mexico",74,"Zumpango",3,"Cuautitlan",23,"Coyotepec","Coyotepec, Mexico",TRUE
"132",15,"Mexico",74,"Zumpango",3,"Cuautitlan",24,"Cuautitlan","Cuautitlan, Mexico",TRUE
"133",15,"Mexico",74,"Zumpango",3,"Cuautitlan",35,"Huehuetoca","Huehuetoca, Mexico",TRUE
"134",15,"Mexico",74,"Zumpango",3,"Cuautitlan",53,"Melchor Ocampo","Melchor Ocampo, Mexico",TRUE
"135",15,"Mexico",74,"Zumpango",3,"Cuautitlan",91,"Teoloyucan","Teoloyucan, Mexico",TRUE
"136",15,"Mexico",74,"Zumpango",3,"Cuautitlan",95,"Tepotzotlan","Tepotzotlan, Mexico",TRUE
"137",15,"Mexico",74,"Zumpango",3,"Cuautitlan",108,"Tultepec","Tultepec, Mexico",TRUE
"138",15,"Mexico",74,"Zumpango",3,"Cuautitlan",109,"Tultitlan","Tultitlan, Mexico",TRUE
"139",15,"Mexico",74,"Zumpango",3,"Cuautitlan",121,"Cuautitlan Izcalli","Cuautitlan Izcalli, Mexico",TRUE
"140",15,"Mexico",74,"Zumpango",4,"Nicolas Romero",13,"Atizapan de Zaragoza","Atizapan de Zaragoza, Mexico",TRUE
"141",15,"Mexico",74,"Zumpango",4,"Nicolas Romero",38,"Isidro Fabela","Isidro Fabela, Mexico",TRUE
"142",15,"Mexico",74,"Zumpango",4,"Nicolas Romero",46,"Jilotzingo","Jilotzingo, Mexico",TRUE
"143",15,"Mexico",74,"Zumpango",4,"Nicolas Romero",57,"Naucalpan de Juarez","Naucalpan de Juarez, Mexico",TRUE
"144",15,"Mexico",74,"Zumpango",4,"Nicolas Romero",60,"Nicolas Romero","Nicolas Romero, Mexico",TRUE
"145",15,"Mexico",74,"Zumpango",4,"Nicolas Romero",104,"Tlalnepantla de Baz","Tlalnepantla de Baz, Mexico",TRUE
"146",15,"Mexico",75,"Texcoco",1,"Atenco",11,"Atenco","Atenco, Mexico",TRUE
"147",15,"Mexico",75,"Texcoco",1,"Atenco",20,"Coacalco de Berriozabal","Coacalco de Berriozabal, Mexico",TRUE
"148",15,"Mexico",75,"Texcoco",1,"Atenco",28,"Chiautla","Chiautla, Mexico",TRUE
"149",15,"Mexico",75,"Texcoco",1,"Atenco",30,"Chiconcuac","Chiconcuac, Mexico",TRUE
"150",15,"Mexico",75,"Texcoco",1,"Atenco",33,"Ecatepec de Morelos","Ecatepec de Morelos, Mexico",TRUE
"151",15,"Mexico",75,"Texcoco",1,"Atenco",69,"Papalotla","Papalotla, Mexico",TRUE
"152",15,"Mexico",75,"Texcoco",1,"Atenco",93,"Tepetlaoxtoc","Tepetlaoxtoc, Mexico",TRUE
"153",15,"Mexico",75,"Texcoco",2,"Texcoco",99,"Texcoco","Texcoco, Mexico",TRUE
"154",15,"Mexico",75,"Texcoco",3,"Ixtapaluca",29,"Chicoloapan","Chicoloapan, Mexico",TRUE
"155",15,"Mexico",75,"Texcoco",3,"Ixtapaluca",31,"Chimalhuacan","Chimalhuacan, Mexico",TRUE
"156",15,"Mexico",75,"Texcoco",3,"Ixtapaluca",39,"Ixtapaluca","Ixtapaluca, Mexico",TRUE
"157",15,"Mexico",75,"Texcoco",3,"Ixtapaluca",70,"La Paz","La Paz, Mexico",TRUE
"158",15,"Mexico",75,"Texcoco",4,"Chalco",22,"Cocotitlan","Cocotitlan, Mexico",TRUE
"159",15,"Mexico",75,"Texcoco",4,"Chalco",25,"Chalco","Chalco, Mexico",TRUE
"160",15,"Mexico",75,"Texcoco",4,"Chalco",122,"Valle de Chalco Solidaridad","Valle de Chalco Solidaridad, Mexico",TRUE
"161",15,"Mexico",75,"Texcoco",5,"Amecameca",9,"Amecameca","Amecameca, Mexico",TRUE
"162",15,"Mexico",75,"Texcoco",5,"Amecameca",17,"Ayapango","Ayapango, Mexico",TRUE
"163",15,"Mexico",75,"Texcoco",5,"Amecameca",103,"Tlalmanalco","Tlalmanalco, Mexico",TRUE
"164",15,"Mexico",75,"Texcoco",6,"Juchitepec",50,"Juchitepec","Juchitepec, Mexico",TRUE
"165",15,"Mexico",75,"Texcoco",6,"Juchitepec",83,"Temamatla","Temamatla, Mexico",TRUE
"166",15,"Mexico",75,"Texcoco",6,"Juchitepec",89,"Tenango del Aire","Tenango del Aire, Mexico",TRUE
"167",15,"Mexico",75,"Texcoco",7,"Atlautla",15,"Atlautla","Atlautla, Mexico",TRUE
"168",15,"Mexico",75,"Texcoco",7,"Atlautla",34,"Ecatzingo","Ecatzingo, Mexico",TRUE
"169",15,"Mexico",75,"Texcoco",7,"Atlautla",68,"Ozumba","Ozumba, Mexico",TRUE
"170",15,"Mexico",75,"Texcoco",7,"Atlautla",94,"Tepetlixpa","Tepetlixpa, Mexico",TRUE
"171",15,"Mexico",76,"Tejupilco",1,"Luvianos",123,"Luvianos","Luvianos, Mexico",TRUE
"172",15,"Mexico",76,"Tejupilco",2,"Temascaltepec",77,"San Simon de Guerrero","San Simon de Guerrero, Mexico",TRUE
"173",15,"Mexico",76,"Tejupilco",2,"Temascaltepec",86,"Temascaltepec","Temascaltepec, Mexico",TRUE
"174",15,"Mexico",76,"Tejupilco",3,"Tejupilco",82,"Tejupilco","Tejupilco, Mexico",TRUE
"175",15,"Mexico",76,"Tejupilco",4,"Amatepec",8,"Amatepec","Amatepec, Mexico",TRUE
"176",15,"Mexico",76,"Tejupilco",6,"Tlatlaya",105,"Tlatlaya","Tlatlaya, Mexico",TRUE
"177",15,"Mexico",77,"Atlacomulco",1,"San Felipe del Progreso",74,"San Felipe del Progreso","San Felipe del Progreso, Mexico",TRUE
"178",15,"Mexico",77,"Atlacomulco",2,"La Trinidad",124,"San Jose del Rincon","San Jose del Rincon, Mexico",TRUE
"179",15,"Mexico",77,"Atlacomulco",3,"Atlacomulco",14,"Atlacomulco","Atlacomulco, Mexico",TRUE
"180",15,"Mexico",77,"Atlacomulco",4,"Ixtlahuaca",42,"Ixtlahuaca","Ixtlahuaca, Mexico",TRUE
"181",15,"Mexico",77,"Atlacomulco",5,"Temascalcingo",85,"Temascalcingo","Temascalcingo, Mexico",TRUE
"182",15,"Mexico",77,"Atlacomulco",6,"Oro El",64,"El Oro","El Oro, Mexico",TRUE
"183",15,"Mexico",77,"Atlacomulco",7,"San Bartolo Morelos",56,"Morelos","Morelos, Mexico",TRUE
"184",15,"Mexico",77,"Atlacomulco",8,"Acambay",1,"Acambay de Ruiz Castaneda","Acambay de Ruiz Castaneda, Mexico",TRUE
"185",15,"Mexico",77,"Atlacomulco",9,"Jocotitlan",48,"Jocotitlan","Jocotitlan, Mexico",TRUE
"186",15,"Mexico",77,"Atlacomulco",10,"Jiquipilco",47,"Jiquipilco","Jiquipilco, Mexico",TRUE
"187",15,"Mexico",78,"Coatepec Harinas",1,"Texcaltitlan",97,"Texcaltitlan","Texcaltitlan, Mexico",TRUE
"188",15,"Mexico",78,"Coatepec Harinas",2,"Tenancingo",88,"Tenancingo","Tenancingo, Mexico",TRUE
"189",15,"Mexico",78,"Coatepec Harinas",2,"Tenancingo",119,"Zumpahuacan","Zumpahuacan, Mexico",TRUE
"190",15,"Mexico",78,"Coatepec Harinas",3,"Coatepec Harinas",21,"Coatepec Harinas","Coatepec Harinas, Mexico",TRUE
"191",15,"Mexico",78,"Coatepec Harinas",4,"Ocuilan",63,"Ocuilan","Ocuilan, Mexico",TRUE
"192",15,"Mexico",78,"Coatepec Harinas",5,"Sultepec",80,"Sultepec","Sultepec, Mexico",TRUE
"193",15,"Mexico",78,"Coatepec Harinas",6,"Zacualpan",117,"Zacualpan","Zacualpan, Mexico",TRUE
"194",15,"Mexico",78,"Coatepec Harinas",7,"Malinalco",52,"Malinalco","Malinalco, Mexico",TRUE
"195",15,"Mexico",78,"Coatepec Harinas",8,"Almoloya de Alquisiras",4,"Almoloya de Alquisiras","Almoloya de Alquisiras, Mexico",TRUE
"196",15,"Mexico",78,"Coatepec Harinas",9,"Villa Guerrero",113,"Villa Guerrero","Villa Guerrero, Mexico",TRUE
"197",15,"Mexico",78,"Coatepec Harinas",10,"Tonatico",40,"Ixtapan de La Sal","Ixtapan de La Sal, Mexico",TRUE
"198",15,"Mexico",78,"Coatepec Harinas",10,"Tonatico",107,"Tonatico","Tonatico, Mexico",TRUE
"199",15,"Mexico",79,"Valle de Bravo",1,"Valle de Bravo",110,"Valle de Bravo","Valle de Bravo, Mexico",TRUE
"200",15,"Mexico",79,"Valle de Bravo",2,"Villa Victoria",114,"Villa Victoria","Villa Victoria, Mexico",TRUE
"201",15,"Mexico",79,"Valle de Bravo",3,"Villa de Allende",111,"Villa de Allende","Villa de Allende, Mexico",TRUE
"202",15,"Mexico",79,"Valle de Bravo",4,"Otzoloapan",66,"Otzoloapan","Otzoloapan, Mexico",TRUE
"203",15,"Mexico",79,"Valle de Bravo",4,"Otzoloapan",78,"Santo Tomas","Santo Tomas, Mexico",TRUE
"204",15,"Mexico",79,"Valle de Bravo",4,"Otzoloapan",116,"Zacazonapan","Zacazonapan, Mexico",TRUE
"205",15,"Mexico",79,"Valle de Bravo",5,"Amanalco",7,"Amanalco","Amanalco, Mexico",TRUE
"206",15,"Mexico",79,"Valle de Bravo",6,"Donato Guerra",32,"Donato Guerra","Donato Guerra, Mexico",TRUE
"207",15,"Mexico",79,"Valle de Bravo",6,"Donato Guerra",41,"Ixtapan del Oro","Ixtapan del Oro, Mexico",TRUE
"208",15,"Mexico",80,"Jilotepec",1,"Chapa de Mota",26,"Chapa de Mota","Chapa de Mota, Mexico",TRUE
"209",15,"Mexico",80,"Jilotepec",1,"Chapa de Mota",102,"Timilpan","Timilpan, Mexico",TRUE
"210",15,"Mexico",80,"Jilotepec",1,"Chapa de Mota",112,"Villa del Carbon","Villa del Carbon, Mexico",TRUE
"211",15,"Mexico",80,"Jilotepec",2,"Jilotepec",45,"Jilotepec","Jilotepec, Mexico",TRUE
"212",15,"Mexico",80,"Jilotepec",2,"Jilotepec",79,"Soyaniquilpan de Juarez","Soyaniquilpan de Juarez, Mexico",TRUE
"213",15,"Mexico",80,"Jilotepec",3,"Arroyozarco",3,"Aculco","Aculco, Mexico",TRUE
"214",15,"Mexico",80,"Jilotepec",3,"Arroyozarco",71,"Polotitlan","Polotitlan, Mexico",TRUE
"215",17,"Morelos",94,"Zacatepec-Galeana",1,"Galeana",1,"Amacuzac","Amacuzac, Morelos",TRUE
"216",17,"Morelos",94,"Zacatepec-Galeana",1,"Galeana",12,"Jojutla","Jojutla, Morelos",TRUE
"217",17,"Morelos",94,"Zacatepec-Galeana",1,"Galeana",17,"Puente de Ixtla","Puente de Ixtla, Morelos",TRUE
"218",17,"Morelos",94,"Zacatepec-Galeana",1,"Galeana",24,"Tlaltizapan de Zapata","Tlaltizapan de Zapata, Morelos",TRUE
"219",17,"Morelos",94,"Zacatepec-Galeana",1,"Galeana",25,"Tlaquiltenango","Tlaquiltenango, Morelos",TRUE
"220",17,"Morelos",94,"Zacatepec-Galeana",1,"Galeana",31,"Zacatepec","Zacatepec, Morelos",TRUE
"221",17,"Morelos",94,"Zacatepec-Galeana",2,"Alpuyeca",5,"Coatlan del Rio","Coatlan del Rio, Morelos",TRUE
"222",17,"Morelos",94,"Zacatepec-Galeana",2,"Alpuyeca",8,"Emiliano Zapata","Emiliano Zapata, Morelos",TRUE
"223",17,"Morelos",94,"Zacatepec-Galeana",2,"Alpuyeca",14,"Mazatepec","Mazatepec, Morelos",TRUE
"224",17,"Morelos",94,"Zacatepec-Galeana",2,"Alpuyeca",15,"Miacatlan","Miacatlan, Morelos",TRUE
"225",17,"Morelos",94,"Zacatepec-Galeana",2,"Alpuyeca",18,"Temixco","Temixco, Morelos",TRUE
"226",17,"Morelos",94,"Zacatepec-Galeana",2,"Alpuyeca",21,"Tetecala","Tetecala, Morelos",TRUE
"227",17,"Morelos",94,"Zacatepec-Galeana",2,"Alpuyeca",28,"Xochitepec","Xochitepec, Morelos",TRUE
"228",17,"Morelos",94,"Zacatepec-Galeana",3,"Cuernavaca",7,"Cuernavaca","Cuernavaca, Morelos",TRUE
"229",17,"Morelos",94,"Zacatepec-Galeana",3,"Cuernavaca",11,"Jiutepec","Jiutepec, Morelos",TRUE
"230",17,"Morelos",94,"Zacatepec-Galeana",4,"Yautepec",2,"Atlatlahucan","Atlatlahucan, Morelos",TRUE
"231",17,"Morelos",94,"Zacatepec-Galeana",4,"Yautepec",9,"Huitzilac","Huitzilac, Morelos",TRUE
"232",17,"Morelos",94,"Zacatepec-Galeana",4,"Yautepec",20,"Tepoztlan","Tepoztlan, Morelos",TRUE
"233",17,"Morelos",94,"Zacatepec-Galeana",4,"Yautepec",23,"Tlalnepantla","Tlalnepantla, Morelos",TRUE
"234",17,"Morelos",94,"Zacatepec-Galeana",4,"Yautepec",26,"Tlayacapan","Tlayacapan, Morelos",TRUE
"235",17,"Morelos",94,"Zacatepec-Galeana",4,"Yautepec",27,"Totolapan","Totolapan, Morelos",TRUE
"236",17,"Morelos",94,"Zacatepec-Galeana",4,"Yautepec",29,"Yautepec","Yautepec, Morelos",TRUE
"237",17,"Morelos",94,"Zacatepec-Galeana",5,"Tetela del Volcan/Yecapixtla",16,"Ocuituco","Ocuituco, Morelos",TRUE
"238",17,"Morelos",94,"Zacatepec-Galeana",5,"Tetela del Volcan/Yecapixtla",22,"Tetela del Volcan","Tetela del Volcan, Morelos",TRUE
"239",17,"Morelos",94,"Zacatepec-Galeana",5,"Tetela del Volcan/Yecapixtla",30,"Yecapixtla","Yecapixtla, Morelos",TRUE
"240",17,"Morelos",94,"Zacatepec-Galeana",5,"Tetela del Volcan/Yecapixtla",32,"Zacualpan","Zacualpan, Morelos",TRUE
"241",17,"Morelos",94,"Zacatepec-Galeana",5,"Tetela del Volcan/Yecapixtla",33,"Temoac","Temoac, Morelos",TRUE
"242",17,"Morelos",94,"Zacatepec-Galeana",6,"Cuautla",3,"Axochiapan","Axochiapan, Morelos",TRUE
"243",17,"Morelos",94,"Zacatepec-Galeana",6,"Cuautla",4,"Ayala","Ayala, Morelos",TRUE
"244",17,"Morelos",94,"Zacatepec-Galeana",6,"Cuautla",6,"Cuautla","Cuautla, Morelos",TRUE
"245",17,"Morelos",94,"Zacatepec-Galeana",6,"Cuautla",10,"Jantetelco","Jantetelco, Morelos",TRUE
"246",17,"Morelos",94,"Zacatepec-Galeana",6,"Cuautla",13,"Jonacatepec","Jonacatepec, Morelos",TRUE
"247",17,"Morelos",94,"Zacatepec-Galeana",6,"Cuautla",19,"Tepalcingo","Tepalcingo, Morelos",TRUE
"248",21,"Puebla",111,"Huauchinango",1,"Xicotepec de Juarez",8,"Ahuazotepec","Ahuazotepec, Puebla",TRUE
"249",21,"Puebla",111,"Huauchinango",1,"Xicotepec de Juarez",49,"Chiconcuautla","Chiconcuautla, Puebla",TRUE
"250",21,"Puebla",111,"Huauchinango",1,"Xicotepec de Juarez",57,"Honey","Honey, Puebla",TRUE
"251",21,"Puebla",111,"Huauchinango",1,"Xicotepec de Juarez",68,"Hermenegildo Galeana","Hermenegildo Galeana, Puebla",TRUE
"252",21,"Puebla",111,"Huauchinango",1,"Xicotepec de Juarez",71,"Huauchinango","Huauchinango, Puebla",TRUE
"253",21,"Puebla",111,"Huauchinango",1,"Xicotepec de Juarez",89,"Jopala","Jopala, Puebla",TRUE
"254",21,"Puebla",111,"Huauchinango",1,"Xicotepec de Juarez",91,"Juan Galindo","Juan Galindo, Puebla",TRUE
"255",21,"Puebla",111,"Huauchinango",1,"Xicotepec de Juarez",100,"Naupan","Naupan, Puebla",TRUE
"256",21,"Puebla",111,"Huauchinango",1,"Xicotepec de Juarez",109,"Pahuatlan","Pahuatlan, Puebla",TRUE
"257",21,"Puebla",111,"Huauchinango",1,"Xicotepec de Juarez",123,"San Felipe Tepatlan","San Felipe Tepatlan, Puebla",TRUE
"258",21,"Puebla",111,"Huauchinango",1,"Xicotepec de Juarez",178,"Tlacuilotepec","Tlacuilotepec, Puebla",TRUE
"259",21,"Puebla",111,"Huauchinango",1,"Xicotepec de Juarez",183,"Tlaola","Tlaola, Puebla",TRUE
"260",21,"Puebla",111,"Huauchinango",1,"Xicotepec de Juarez",184,"Tlapacoya","Tlapacoya, Puebla",TRUE
"261",21,"Puebla",111,"Huauchinango",1,"Xicotepec de Juarez",187,"Tlaxco","Tlaxco, Puebla",TRUE
"262",21,"Puebla",111,"Huauchinango",1,"Xicotepec de Juarez",197,"Xicotepec","Xicotepec, Puebla",TRUE
"263",21,"Puebla",111,"Huauchinango",1,"Xicotepec de Juarez",213,"Zihuateutla","Zihuateutla, Puebla",TRUE
"264",21,"Puebla",111,"Huauchinango",2,"Villa Lazaro Cardenas",64,"Francisco Z. Mena","Francisco Z. Mena, Puebla",TRUE
"265",21,"Puebla",111,"Huauchinango",2,"Villa Lazaro Cardenas",86,"Jalpan","Jalpan, Puebla",TRUE
"266",21,"Puebla",111,"Huauchinango",2,"Villa Lazaro Cardenas",111,"Pantepec","Pantepec, Puebla",TRUE
"267",21,"Puebla",111,"Huauchinango",2,"Villa Lazaro Cardenas",194,"Venustiano Carranza","Venustiano Carranza, Puebla",TRUE
"268",21,"Puebla",112,"Zacatlan",1,"Zacatlan",6,"Ahuacatlan","Ahuacatlan, Puebla",TRUE
"269",21,"Puebla",112,"Zacatlan",1,"Zacatlan",14,"Amixtlan","Amixtlan, Puebla",TRUE
"270",21,"Puebla",112,"Zacatlan",1,"Zacatlan",16,"Aquixtla","Aquixtla, Puebla",TRUE
"271",21,"Puebla",112,"Zacatlan",1,"Zacatlan",28,"Camocuautla","Camocuautla, Puebla",TRUE
"272",21,"Puebla",112,"Zacatlan",1,"Zacatlan",30,"Coatepec","Coatepec, Puebla",TRUE
"273",21,"Puebla",112,"Zacatlan",1,"Zacatlan",39,"Cuautempan","Cuautempan, Puebla",TRUE
"274",21,"Puebla",112,"Zacatlan",1,"Zacatlan",53,"Chignahuapan","Chignahuapan, Puebla",TRUE
"275",21,"Puebla",112,"Zacatlan",1,"Zacatlan",83,"Ixtacamaxtitlan","Ixtacamaxtitlan, Puebla",TRUE
"276",21,"Puebla",112,"Zacatlan",1,"Zacatlan",162,"Tepango de Rodriguez","Tepango de Rodriguez, Puebla",TRUE
"277",21,"Puebla",112,"Zacatlan",1,"Zacatlan",167,"Tepetzintla","Tepetzintla, Puebla",TRUE
"278",21,"Puebla",112,"Zacatlan",1,"Zacatlan",172,"Tetela de Ocampo","Tetela de Ocampo, Puebla",TRUE
"279",21,"Puebla",112,"Zacatlan",1,"Zacatlan",208,"Zacatlan","Zacatlan, Puebla",TRUE
"280",21,"Puebla",113,"Teziutlan",1,"Zacapoaxtla",29,"Caxhuacan","Caxhuacan, Puebla",TRUE
"281",21,"Puebla",113,"Teziutlan",1,"Zacapoaxtla",43,"Cuetzalan del Progreso","Cuetzalan del Progreso, Puebla",TRUE
"282",21,"Puebla",113,"Teziutlan",1,"Zacapoaxtla",72,"Huehuetla","Huehuetla, Puebla",TRUE
"283",21,"Puebla",113,"Teziutlan",1,"Zacapoaxtla",77,"Hueytlalpan","Hueytlalpan, Puebla",TRUE
"284",21,"Puebla",113,"Teziutlan",1,"Zacapoaxtla",78,"Huitzilan de Serdan","Huitzilan de Serdan, Puebla",TRUE
"285",21,"Puebla",113,"Teziutlan",1,"Zacapoaxtla",80,"Atlequizayan","Atlequizayan, Puebla",TRUE
"286",21,"Puebla",113,"Teziutlan",1,"Zacapoaxtla",84,"Ixtepec","Ixtepec, Puebla",TRUE
"287",21,"Puebla",113,"Teziutlan",1,"Zacapoaxtla",88,"Jonotla","Jonotla, Puebla",TRUE
"288",21,"Puebla",113,"Teziutlan",1,"Zacapoaxtla",101,"Nauzontla","Nauzontla, Puebla",TRUE
"289",21,"Puebla",113,"Teziutlan",1,"Zacapoaxtla",107,"Olintla","Olintla, Puebla",TRUE
"290",21,"Puebla",113,"Teziutlan",1,"Zacapoaxtla",192,"Tuzamapan de Galeana","Tuzamapan de Galeana, Puebla",TRUE
"291",21,"Puebla",113,"Teziutlan",1,"Zacapoaxtla",200,"Xochiapulco","Xochiapulco, Puebla",TRUE
"292",21,"Puebla",113,"Teziutlan",1,"Zacapoaxtla",202,"Xochitlan de Vicente Suarez","Xochitlan de Vicente Suarez, Puebla",TRUE
"293",21,"Puebla",113,"Teziutlan",1,"Zacapoaxtla",207,"Zacapoaxtla","Zacapoaxtla, Puebla",TRUE
"294",21,"Puebla",113,"Teziutlan",1,"Zacapoaxtla",210,"Zapotitlan de Mendez","Zapotitlan de Mendez, Puebla",TRUE
"295",21,"Puebla",113,"Teziutlan",1,"Zacapoaxtla",215,"Zongozotla","Zongozotla, Puebla",TRUE
"296",21,"Puebla",113,"Teziutlan",1,"Zacapoaxtla",216,"Zoquiapan","Zoquiapan, Puebla",TRUE
"297",21,"Puebla",113,"Teziutlan",2,"Tlatlauquitepec",2,"Acateno","Acateno, Puebla",TRUE
"298",21,"Puebla",113,"Teziutlan",2,"Tlatlauquitepec",17,"Atempan","Atempan, Puebla",TRUE
"299",21,"Puebla",113,"Teziutlan",2,"Tlatlauquitepec",25,"Ayotoxco de Guerrero","Ayotoxco de Guerrero, Puebla",TRUE
"300",21,"Puebla",113,"Teziutlan",2,"Tlatlauquitepec",54,"Chignautla","Chignautla, Puebla",TRUE
"301",21,"Puebla",113,"Teziutlan",2,"Tlatlauquitepec",75,"Hueyapan","Hueyapan, Puebla",TRUE
"302",21,"Puebla",113,"Teziutlan",2,"Tlatlauquitepec",76,"Hueytamalco","Hueytamalco, Puebla",TRUE
"303",21,"Puebla",113,"Teziutlan",2,"Tlatlauquitepec",158,"Tenampulco","Tenampulco, Puebla",TRUE
"304",21,"Puebla",113,"Teziutlan",2,"Tlatlauquitepec",173,"Teteles de Avila Castillo","Teteles de Avila Castillo, Puebla",TRUE
"305",21,"Puebla",113,"Teziutlan",2,"Tlatlauquitepec",174,"Teziutlan","Teziutlan, Puebla",TRUE
"306",21,"Puebla",113,"Teziutlan",2,"Tlatlauquitepec",186,"Tlatlauquitepec","Tlatlauquitepec, Puebla",TRUE
"307",21,"Puebla",113,"Teziutlan",2,"Tlatlauquitepec",199,"Xiutetelco","Xiutetelco, Puebla",TRUE
"308",21,"Puebla",113,"Teziutlan",2,"Tlatlauquitepec",204,"Yaonahuac","Yaonahuac, Puebla",TRUE
"309",21,"Puebla",113,"Teziutlan",2,"Tlatlauquitepec",211,"Zaragoza","Zaragoza, Puebla",TRUE
"310",21,"Puebla",113,"Teziutlan",2,"Tlatlauquitepec",212,"Zautla","Zautla, Puebla",TRUE
"311",21,"Puebla",114,"Libres",1,"Libres",44,"Cuyoaco","Cuyoaco, Puebla",TRUE
"312",21,"Puebla",114,"Libres",1,"Libres",94,"Libres","Libres, Puebla",TRUE
"313",21,"Puebla",114,"Libres",1,"Libres",104,"Nopalucan","Nopalucan, Puebla",TRUE
"314",21,"Puebla",114,"Libres",1,"Libres",105,"Ocotepec","Ocotepec, Puebla",TRUE
"315",21,"Puebla",114,"Libres",1,"Libres",108,"Oriental","Oriental, Puebla",TRUE
"316",21,"Puebla",114,"Libres",1,"Libres",117,"Rafael Lara Grajales","Rafael Lara Grajales, Puebla",TRUE
"317",21,"Puebla",114,"Libres",1,"Libres",128,"San Jose Chiapa","San Jose Chiapa, Puebla",TRUE
"318",21,"Puebla",114,"Libres",1,"Libres",170,"Tepeyahualco","Tepeyahualco, Puebla",TRUE
"319",21,"Puebla",114,"Libres",2,"Guadalupe Victoria",50,"Chichiquila","Chichiquila, Puebla",TRUE
"320",21,"Puebla",114,"Libres",2,"Guadalupe Victoria",58,"Chilchotla","Chilchotla, Puebla",TRUE
"321",21,"Puebla",114,"Libres",2,"Guadalupe Victoria",67,"Guadalupe Victoria","Guadalupe Victoria, Puebla",TRUE
"322",21,"Puebla",114,"Libres",2,"Guadalupe Victoria",93,"Lafragua","Lafragua, Puebla",TRUE
"323",21,"Puebla",114,"Libres",2,"Guadalupe Victoria",116,"Quimixtlan","Quimixtlan, Puebla",TRUE
"324",21,"Puebla",114,"Libres",3,"Ciudad Serdan",12,"Aljojuca","Aljojuca, Puebla",TRUE
"325",21,"Puebla",114,"Libres",3,"Ciudad Serdan",23,"Atzitzintla","Atzitzintla, Puebla",TRUE
"326",21,"Puebla",114,"Libres",3,"Ciudad Serdan",45,"Chalchicomula de Sesma","Chalchicomula de Sesma, Puebla",TRUE
"327",21,"Puebla",114,"Libres",3,"Ciudad Serdan",63,"Esperanza","Esperanza, Puebla",TRUE
"328",21,"Puebla",114,"Libres",3,"Ciudad Serdan",96,"Mazapiltepec de Juarez","Mazapiltepec de Juarez, Puebla",TRUE
"329",21,"Puebla",114,"Libres",3,"Ciudad Serdan",99,"Canada Morelos","Canada Morelos, Puebla",TRUE
"330",21,"Puebla",114,"Libres",3,"Ciudad Serdan",130,"San Juan Atenco","San Juan Atenco, Puebla",TRUE
"331",21,"Puebla",114,"Libres",3,"Ciudad Serdan",137,"San Nicolas Buenos Aires","San Nicolas Buenos Aires, Puebla",TRUE
"332",21,"Puebla",114,"Libres",3,"Ciudad Serdan",142,"San Salvador El Seco","San Salvador El Seco, Puebla",TRUE
"333",21,"Puebla",114,"Libres",3,"Ciudad Serdan",152,"Soltepec","Soltepec, Puebla",TRUE
"334",21,"Puebla",114,"Libres",3,"Ciudad Serdan",179,"Tlachichuca","Tlachichuca, Puebla",TRUE
"335",21,"Puebla",115,"Cholula",1,"Atlixco",19,"Atlixco","Atlixco, Puebla",TRUE
"336",21,"Puebla",115,"Cholula",1,"Atlixco",69,"Huaquechula","Huaquechula, Puebla",TRUE
"337",21,"Puebla",115,"Cholula",1,"Atlixco",106,"Ocoyucan","Ocoyucan, Puebla",TRUE
"338",21,"Puebla",115,"Cholula",1,"Atlixco",125,"San Gregorio Atzompa","San Gregorio Atzompa, Puebla",TRUE
"339",21,"Puebla",115,"Cholula",1,"Atlixco",148,"Santa Isabel Cholula","Santa Isabel Cholula, Puebla",TRUE
"340",21,"Puebla",115,"Cholula",1,"Atlixco",175,"Tianguismanalco","Tianguismanalco, Puebla",TRUE
"341",21,"Puebla",115,"Cholula",1,"Atlixco",188,"Tochimilco","Tochimilco, Puebla",TRUE
"342",21,"Puebla",115,"Cholula",2,"Tepeaca",1,"Acajete","Acajete, Puebla",TRUE
"343",21,"Puebla",115,"Cholula",2,"Tepeaca",15,"Amozoc","Amozoc, Puebla",TRUE
"344",21,"Puebla",115,"Cholula",2,"Tepeaca",40,"Cuautinchan","Cuautinchan, Puebla",TRUE
"345",21,"Puebla",115,"Cholula",2,"Tepeaca",114,"Puebla","Puebla, Puebla",TRUE
"346",21,"Puebla",115,"Cholula",2,"Tepeaca",153,"Tecali de Herrera","Tecali de Herrera, Puebla",TRUE
"347",21,"Puebla",115,"Cholula",2,"Tepeaca",163,"Tepatlaxco de Hidalgo","Tepatlaxco de Hidalgo, Puebla",TRUE
"348",21,"Puebla",115,"Cholula",2,"Tepeaca",164,"Tepeaca","Tepeaca, Puebla",TRUE
"349",21,"Puebla",115,"Cholula",2,"Tepeaca",193,"Tzicatlacoyan","Tzicatlacoyan, Puebla",TRUE
"350",21,"Puebla",115,"Cholula",3,"Texmelucan",26,"Calpan","Calpan, Puebla",TRUE
"351",21,"Puebla",115,"Cholula",3,"Texmelucan",34,"Coronango","Coronango, Puebla",TRUE
"352",21,"Puebla",115,"Cholula",3,"Texmelucan",41,"Cuautlancingo","Cuautlancingo, Puebla",TRUE
"353",21,"Puebla",115,"Cholula",3,"Texmelucan",48,"Chiautzingo","Chiautzingo, Puebla",TRUE
"354",21,"Puebla",115,"Cholula",3,"Texmelucan",60,"Domingo Arenas","Domingo Arenas, Puebla",TRUE
"355",21,"Puebla",115,"Cholula",3,"Texmelucan",74,"Huejotzingo","Huejotzingo, Puebla",TRUE
"356",21,"Puebla",115,"Cholula",3,"Texmelucan",90,"Juan C. Bonilla","Juan C. Bonilla, Puebla",TRUE
"357",21,"Puebla",115,"Cholula",3,"Texmelucan",102,"Nealtican","Nealtican, Puebla",TRUE
"358",21,"Puebla",115,"Cholula",3,"Texmelucan",119,"San Andres Cholula","San Andres Cholula, Puebla",TRUE
"359",21,"Puebla",115,"Cholula",3,"Texmelucan",122,"San Felipe Teotlalcingo","San Felipe Teotlalcingo, Puebla",TRUE
"360",21,"Puebla",115,"Cholula",3,"Texmelucan",126,"San Jeronimo Tecuanipan","San Jeronimo Tecuanipan, Puebla",TRUE
"361",21,"Puebla",115,"Cholula",3,"Texmelucan",132,"San Martin Texmelucan","San Martin Texmelucan, Puebla",TRUE
"362",21,"Puebla",115,"Cholula",3,"Texmelucan",134,"San Matias Tlalancaleca","San Matias Tlalancaleca, Puebla",TRUE
"363",21,"Puebla",115,"Cholula",3,"Texmelucan",136,"San Miguel Xoxtla","San Miguel Xoxtla, Puebla",TRUE
"364",21,"Puebla",115,"Cholula",3,"Texmelucan",138,"San Nicolas de Los Ranchos","San Nicolas de Los Ranchos, Puebla",TRUE
"365",21,"Puebla",115,"Cholula",3,"Texmelucan",140,"San Pedro Cholula","San Pedro Cholula, Puebla",TRUE
"366",21,"Puebla",115,"Cholula",3,"Texmelucan",143,"San Salvador El Verde","San Salvador El Verde, Puebla",TRUE
"367",21,"Puebla",115,"Cholula",3,"Texmelucan",180,"Tlahuapan","Tlahuapan, Puebla",TRUE
"368",21,"Puebla",115,"Cholula",3,"Texmelucan",181,"Tlaltenango","Tlaltenango, Puebla",TRUE
"369",21,"Puebla",116,"Izucar de Matamoros",1,"Izucar de Matamoros",7,"Ahuatlan","Ahuatlan, Puebla",TRUE
"370",21,"Puebla",116,"Izucar de Matamoros",1,"Izucar de Matamoros",21,"Atzala","Atzala, Puebla",TRUE
"371",21,"Puebla",116,"Izucar de Matamoros",1,"Izucar de Matamoros",31,"Coatzingo","Coatzingo, Puebla",TRUE
"372",21,"Puebla",116,"Izucar de Matamoros",1,"Izucar de Matamoros",51,"Chietla","Chietla, Puebla",TRUE
"373",21,"Puebla",116,"Izucar de Matamoros",1,"Izucar de Matamoros",62,"Epatlan","Epatlan, Puebla",TRUE
"374",21,"Puebla",116,"Izucar de Matamoros",1,"Izucar de Matamoros",85,"Izucar de Matamoros","Izucar de Matamoros, Puebla",TRUE
"375",21,"Puebla",116,"Izucar de Matamoros",1,"Izucar de Matamoros",133,"San Martin Totoltepec","San Martin Totoltepec, Puebla",TRUE
"376",21,"Puebla",116,"Izucar de Matamoros",1,"Izucar de Matamoros",150,"Huehuetlan El Grande","Huehuetlan El Grande, Puebla",TRUE
"377",21,"Puebla",116,"Izucar de Matamoros",1,"Izucar de Matamoros",159,"Teopantlan","Teopantlan, Puebla",TRUE
"378",21,"Puebla",116,"Izucar de Matamoros",1,"Izucar de Matamoros",166,"Tepeojuma","Tepeojuma, Puebla",TRUE
"379",21,"Puebla",116,"Izucar de Matamoros",1,"Izucar de Matamoros",201,"Xochiltepec","Xochiltepec, Puebla",TRUE
"380",21,"Puebla",116,"Izucar de Matamoros",2,"Huehuetlan El Chico",32,"Cohetzala","Cohetzala, Puebla",TRUE
"381",21,"Puebla",116,"Izucar de Matamoros",2,"Huehuetlan El Chico",47,"Chiautla","Chiautla, Puebla",TRUE
"382",21,"Puebla",116,"Izucar de Matamoros",2,"Huehuetlan El Chico",73,"Huehuetlan El Chico","Huehuetlan El Chico, Puebla",TRUE
"383",21,"Puebla",116,"Izucar de Matamoros",2,"Huehuetlan El Chico",81,"Ixcamilpa de Guerrero","Ixcamilpa de Guerrero, Puebla",TRUE
"384",21,"Puebla",116,"Izucar de Matamoros",2,"Huehuetlan El Chico",87,"Jolalpan","Jolalpan, Puebla",TRUE
"385",21,"Puebla",116,"Izucar de Matamoros",2,"Huehuetlan El Chico",160,"Teotlalco","Teotlalco, Puebla",TRUE
"386",21,"Puebla",116,"Izucar de Matamoros",3,"Tehuitzingo",9,"Ahuehuetitla","Ahuehuetitla, Puebla",TRUE
"387",21,"Puebla",116,"Izucar de Matamoros",3,"Tehuitzingo",24,"Axutla","Axutla, Puebla",TRUE
"388",21,"Puebla",116,"Izucar de Matamoros",3,"Tehuitzingo",42,"Cuayuca de Andrade","Cuayuca de Andrade, Puebla",TRUE
"389",21,"Puebla",116,"Izucar de Matamoros",3,"Tehuitzingo",59,"Chinantla","Chinantla, Puebla",TRUE
"390",21,"Puebla",116,"Izucar de Matamoros",3,"Tehuitzingo",113,"Piaxtla","Piaxtla, Puebla",TRUE
"391",21,"Puebla",116,"Izucar de Matamoros",3,"Tehuitzingo",155,"Tecomatlan","Tecomatlan, Puebla",TRUE
"392",21,"Puebla",116,"Izucar de Matamoros",3,"Tehuitzingo",157,"Tehuitzingo","Tehuitzingo, Puebla",TRUE
"393",21,"Puebla",116,"Izucar de Matamoros",3,"Tehuitzingo",191,"Tulcingo","Tulcingo, Puebla",TRUE
"394",21,"Puebla",116,"Izucar de Matamoros",3,"Tehuitzingo",198,"Xicotlan","Xicotlan, Puebla",TRUE
"395",21,"Puebla",116,"Izucar de Matamoros",4,"Acatlan",3,"Acatlan","Acatlan, Puebla",TRUE
"396",21,"Puebla",116,"Izucar de Matamoros",4,"Acatlan",55,"Chila","Chila, Puebla",TRUE
"397",21,"Puebla",116,"Izucar de Matamoros",4,"Acatlan",66,"Guadalupe","Guadalupe, Puebla",TRUE
"398",21,"Puebla",116,"Izucar de Matamoros",4,"Acatlan",112,"Petlalcingo","Petlalcingo, Puebla",TRUE
"399",21,"Puebla",116,"Izucar de Matamoros",4,"Acatlan",127,"San Jeronimo Xayacatlan","San Jeronimo Xayacatlan, Puebla",TRUE
"400",21,"Puebla",116,"Izucar de Matamoros",4,"Acatlan",139,"San Pablo Anicano","San Pablo Anicano, Puebla",TRUE
"401",21,"Puebla",116,"Izucar de Matamoros",4,"Acatlan",141,"San Pedro Yeloixtlahuaca","San Pedro Yeloixtlahuaca, Puebla",TRUE
"402",21,"Puebla",116,"Izucar de Matamoros",4,"Acatlan",196,"Xayacatlan de Bravo","Xayacatlan de Bravo, Puebla",TRUE
"403",21,"Puebla",116,"Izucar de Matamoros",5,"Tepexco",22,"Atzitzihuacan","Atzitzihuacan, Puebla",TRUE
"404",21,"Puebla",116,"Izucar de Matamoros",5,"Tepexco",165,"Tepemaxalco","Tepemaxalco, Puebla",TRUE
"405",21,"Puebla",116,"Izucar de Matamoros",5,"Tepexco",168,"Tepexco","Tepexco, Puebla",TRUE
"406",21,"Puebla",116,"Izucar de Matamoros",5,"Tepexco",176,"Tilapa","Tilapa, Puebla",TRUE
"407",21,"Puebla",116,"Izucar de Matamoros",5,"Tepexco",185,"Tlapanala","Tlapanala, Puebla",TRUE
"408",21,"Puebla",117,"Tecamachalco",1,"Tecamachalco",20,"Atoyatempan","Atoyatempan, Puebla",TRUE
"409",21,"Puebla",117,"Tecamachalco",1,"Tecamachalco",79,"Huitziltepec","Huitziltepec, Puebla",TRUE
"410",21,"Puebla",117,"Tecamachalco",1,"Tecamachalco",154,"Tecamachalco","Tecamachalco, Puebla",TRUE
"411",21,"Puebla",117,"Tecamachalco",1,"Tecamachalco",161,"Tepanco de Lopez","Tepanco de Lopez, Puebla",TRUE
"412",21,"Puebla",117,"Tecamachalco",1,"Tecamachalco",171,"Tepeyahualco de Cuauhtemoc","Tepeyahualco de Cuauhtemoc, Puebla",TRUE
"413",21,"Puebla",117,"Tecamachalco",1,"Tecamachalco",177,"Tlacotepec de Benito Juarez","Tlacotepec de Benito Juarez, Puebla",TRUE
"414",21,"Puebla",117,"Tecamachalco",1,"Tecamachalco",182,"Tlanepantla","Tlanepantla, Puebla",TRUE
"415",21,"Puebla",117,"Tecamachalco",1,"Tecamachalco",189,"Tochtepec","Tochtepec, Puebla",TRUE
"416",21,"Puebla",117,"Tecamachalco",1,"Tecamachalco",203,"Xochitlan Todos Santos","Xochitlan Todos Santos, Puebla",TRUE
"417",21,"Puebla",117,"Tecamachalco",1,"Tecamachalco",205,"Yehualtepec","Yehualtepec, Puebla",TRUE
"418",21,"Puebla",117,"Tecamachalco",2,"Tepexi de Rodriguez",18,"Atexcal","Atexcal, Puebla",TRUE
"419",21,"Puebla",117,"Tecamachalco",2,"Tepexi de Rodriguez",37,"Coyotepec","Coyotepec, Puebla",TRUE
"420",21,"Puebla",117,"Tecamachalco",2,"Tepexi de Rodriguez",52,"Chigmecatitlan","Chigmecatitlan, Puebla",TRUE
"421",21,"Puebla",117,"Tecamachalco",2,"Tepexi de Rodriguez",70,"Huatlatlauca","Huatlatlauca, Puebla",TRUE
"422",21,"Puebla",117,"Tecamachalco",2,"Tepexi de Rodriguez",82,"Ixcaquixtla","Ixcaquixtla, Puebla",TRUE
"423",21,"Puebla",117,"Tecamachalco",2,"Tepexi de Rodriguez",92,"Juan N. Mendez","Juan N. Mendez, Puebla",TRUE
"424",21,"Puebla",117,"Tecamachalco",2,"Tepexi de Rodriguez",95,"La Magdalena Tlatlauquitepec","La Magdalena Tlatlauquitepec, Puebla",TRUE
"425",21,"Puebla",117,"Tecamachalco",2,"Tepexi de Rodriguez",98,"Molcaxac","Molcaxac, Puebla",TRUE
"426",21,"Puebla",117,"Tecamachalco",2,"Tepexi de Rodriguez",131,"San Juan Atzompa","San Juan Atzompa, Puebla",TRUE
"427",21,"Puebla",117,"Tecamachalco",2,"Tepexi de Rodriguez",146,"Santa Catarina Tlaltempan","Santa Catarina Tlaltempan, Puebla",TRUE
"428",21,"Puebla",117,"Tecamachalco",2,"Tepexi de Rodriguez",147,"Santa Ines Ahuatempan","Santa Ines Ahuatempan, Puebla",TRUE
"429",21,"Puebla",117,"Tecamachalco",2,"Tepexi de Rodriguez",169,"Tepexi de Rodriguez","Tepexi de Rodriguez, Puebla",TRUE
"430",21,"Puebla",117,"Tecamachalco",2,"Tepexi de Rodriguez",206,"Zacapala","Zacapala, Puebla",TRUE
"431",21,"Puebla",117,"Tecamachalco",3,"Quecholac",4,"Acatzingo","Acatzingo, Puebla",TRUE
"432",21,"Puebla",117,"Tecamachalco",3,"Quecholac",38,"Cuapiaxtla de Madero","Cuapiaxtla de Madero, Puebla",TRUE
"433",21,"Puebla",117,"Tecamachalco",3,"Quecholac",65,"General Felipe angeles","General Felipe angeles, Puebla",TRUE
"434",21,"Puebla",117,"Tecamachalco",3,"Quecholac",97,"Mixtla","Mixtla, Puebla",TRUE
"435",21,"Puebla",117,"Tecamachalco",3,"Quecholac",110,"Palmar de Bravo","Palmar de Bravo, Puebla",TRUE
"436",21,"Puebla",117,"Tecamachalco",3,"Quecholac",115,"Quecholac","Quecholac, Puebla",TRUE
"437",21,"Puebla",117,"Tecamachalco",3,"Quecholac",118,"Los Reyes de Juarez","Los Reyes de Juarez, Puebla",TRUE
"438",21,"Puebla",117,"Tecamachalco",3,"Quecholac",144,"San Salvador Huixcolotla","San Salvador Huixcolotla, Puebla",TRUE
"439",21,"Puebla",117,"Tecamachalco",3,"Quecholac",151,"Santo Tomas Hueyotlipan","Santo Tomas Hueyotlipan, Puebla",TRUE
"440",21,"Puebla",118,"Tehuacan",1,"San Lorenzo",27,"Caltepec","Caltepec, Puebla",TRUE
"441",21,"Puebla",118,"Tehuacan",1,"San Lorenzo",46,"Chapulco","Chapulco, Puebla",TRUE
"442",21,"Puebla",118,"Tehuacan",1,"San Lorenzo",149,"Santiago Miahuatlan","Santiago Miahuatlan, Puebla",TRUE
"443",21,"Puebla",118,"Tehuacan",1,"San Lorenzo",156,"Tehuacan","Tehuacan, Puebla",TRUE
"444",21,"Puebla",118,"Tehuacan",1,"San Lorenzo",209,"Zapotitlan","Zapotitlan, Puebla",TRUE
"445",21,"Puebla",118,"Tehuacan",2,"La Canada Poblana",13,"Altepexi","Altepexi, Puebla",TRUE
"446",21,"Puebla",118,"Tehuacan",2,"La Canada Poblana",35,"Coxcatlan","Coxcatlan, Puebla",TRUE
"447",21,"Puebla",118,"Tehuacan",2,"La Canada Poblana",36,"Coyomeapan","Coyomeapan, Puebla",TRUE
"448",21,"Puebla",118,"Tehuacan",2,"La Canada Poblana",61,"Eloxochitlan","Eloxochitlan, Puebla",TRUE
"449",21,"Puebla",118,"Tehuacan",2,"La Canada Poblana",124,"San Gabriel Chilac","San Gabriel Chilac, Puebla",TRUE
"450",21,"Puebla",118,"Tehuacan",2,"La Canada Poblana",129,"San Jose Miahuatlan","San Jose Miahuatlan, Puebla",TRUE
"451",21,"Puebla",118,"Tehuacan",2,"La Canada Poblana",145,"San Sebastian Tlacotepec","San Sebastian Tlacotepec, Puebla",TRUE
"452",21,"Puebla",118,"Tehuacan",2,"La Canada Poblana",214,"Zinacatepec","Zinacatepec, Puebla",TRUE
"453",21,"Puebla",118,"Tehuacan",2,"La Canada Poblana",217,"Zoquitlan","Zoquitlan, Puebla",TRUE
"454",21,"Puebla",118,"Tehuacan",3,"Sierra Negra",10,"Ajalpan","Ajalpan, Puebla",TRUE
"455",21,"Puebla",118,"Tehuacan",3,"Sierra Negra",103,"Nicolas Bravo","Nicolas Bravo, Puebla",TRUE
"456",21,"Puebla",118,"Tehuacan",3,"Sierra Negra",120,"San Antonio Canada","San Antonio Canada, Puebla",TRUE
"457",21,"Puebla",118,"Tehuacan",3,"Sierra Negra",195,"Vicente Guerrero","Vicente Guerrero, Puebla",TRUE
"458",29,"Tlaxcala",164,"Tlaxcala",1,"Aguanaja",1,"Amaxac de Guerrero","Amaxac de Guerrero, Tlaxcala",TRUE
"459",29,"Tlaxcala",164,"Tlaxcala",1,"Aguanaja",2,"Apetatitlan de Antonio Carvajal","Apetatitlan de Antonio Carvajal, Tlaxcala",TRUE
"460",29,"Tlaxcala",164,"Tlaxcala",1,"Aguanaja",9,"Cuaxomulco","Cuaxomulco, Tlaxcala",TRUE
"461",29,"Tlaxcala",164,"Tlaxcala",1,"Aguanaja",10,"Chiautempan","Chiautempan, Tlaxcala",TRUE
"462",29,"Tlaxcala",164,"Tlaxcala",1,"Aguanaja",18,"Contla de Juan Cuamatzi","Contla de Juan Cuamatzi, Tlaxcala",TRUE
"463",29,"Tlaxcala",164,"Tlaxcala",1,"Aguanaja",26,"Santa Cruz Tlaxcala","Santa Cruz Tlaxcala, Tlaxcala",TRUE
"464",29,"Tlaxcala",164,"Tlaxcala",1,"Aguanaja",28,"Teolocholco","Teolocholco, Tlaxcala",TRUE
"465",29,"Tlaxcala",164,"Tlaxcala",1,"Aguanaja",40,"Xaltocan","Xaltocan, Tlaxcala",TRUE
"466",29,"Tlaxcala",164,"Tlaxcala",1,"Aguanaja",43,"Yauhquemehcan","Yauhquemehcan, Tlaxcala",TRUE
"467",29,"Tlaxcala",164,"Tlaxcala",1,"Aguanaja",48,"La Magdalena Tlaltelulco","La Magdalena Tlaltelulco, Tlaxcala",TRUE
"468",29,"Tlaxcala",164,"Tlaxcala",1,"Aguanaja",50,"San Francisco Tetlanohcan","San Francisco Tetlanohcan, Tlaxcala",TRUE
"469",29,"Tlaxcala",164,"Tlaxcala",1,"Aguanaja",55,"San Lucas Tecopilco","San Lucas Tecopilco, Tlaxcala",TRUE
"470",29,"Tlaxcala",164,"Tlaxcala",2,"Zacatelco",17,"Mazatecochco de Jose Maria Morelos","Mazatecochco de Jose Maria Morelos, Tlaxcala",TRUE
"471",29,"Tlaxcala",164,"Tlaxcala",2,"Zacatelco",22,"Acuamanala de Miguel Hidalgo","Acuamanala de Miguel Hidalgo, Tlaxcala",TRUE
"472",29,"Tlaxcala",164,"Tlaxcala",2,"Zacatelco",25,"San Pablo del Monte","San Pablo del Monte, Tlaxcala",TRUE
"473",29,"Tlaxcala",164,"Tlaxcala",2,"Zacatelco",27,"Tenancingo","Tenancingo, Tlaxcala",TRUE
"474",29,"Tlaxcala",164,"Tlaxcala",2,"Zacatelco",29,"Tepeyanco","Tepeyanco, Tlaxcala",TRUE
"475",29,"Tlaxcala",164,"Tlaxcala",2,"Zacatelco",41,"Papalotla de Xicohtencatl","Papalotla de Xicohtencatl, Tlaxcala",TRUE
"476",29,"Tlaxcala",164,"Tlaxcala",2,"Zacatelco",42,"Xicohtzinco","Xicohtzinco, Tlaxcala",TRUE
"477",29,"Tlaxcala",164,"Tlaxcala",2,"Zacatelco",44,"Zacatelco","Zacatelco, Tlaxcala",TRUE
"478",29,"Tlaxcala",164,"Tlaxcala",2,"Zacatelco",53,"San Juan Huactzinco","San Juan Huactzinco, Tlaxcala",TRUE
"479",29,"Tlaxcala",164,"Tlaxcala",2,"Zacatelco",54,"San Lorenzo Axocomanitla","San Lorenzo Axocomanitla, Tlaxcala",TRUE
"480",29,"Tlaxcala",164,"Tlaxcala",2,"Zacatelco",58,"Santa Catarina Ayometla","Santa Catarina Ayometla, Tlaxcala",TRUE
"481",29,"Tlaxcala",164,"Tlaxcala",2,"Zacatelco",59,"Santa Cruz Quilehtla","Santa Cruz Quilehtla, Tlaxcala",TRUE
"482",29,"Tlaxcala",164,"Tlaxcala",2,"Zacatelco",60,"Santa Isabel Xiloxoxtla","Santa Isabel Xiloxoxtla, Tlaxcala",TRUE
"483",29,"Tlaxcala",164,"Tlaxcala",3,"Nativitas/Ixtacuixtla",15,"Ixtacuixtla de Mariano Matamoros","Ixtacuixtla de Mariano Matamoros, Tlaxcala",TRUE
"484",29,"Tlaxcala",164,"Tlaxcala",3,"Nativitas/Ixtacuixtla",19,"Tepetitla de Lardizabal","Tepetitla de Lardizabal, Tlaxcala",TRUE
"485",29,"Tlaxcala",164,"Tlaxcala",3,"Nativitas/Ixtacuixtla",23,"Nativitas","Nativitas, Tlaxcala",TRUE
"486",29,"Tlaxcala",164,"Tlaxcala",3,"Nativitas/Ixtacuixtla",24,"Panotla","Panotla, Tlaxcala",TRUE
"487",29,"Tlaxcala",164,"Tlaxcala",3,"Nativitas/Ixtacuixtla",32,"Tetlatlahuca","Tetlatlahuca, Tlaxcala",TRUE
"488",29,"Tlaxcala",164,"Tlaxcala",3,"Nativitas/Ixtacuixtla",33,"Tlaxcala","Tlaxcala, Tlaxcala",TRUE
"489",29,"Tlaxcala",164,"Tlaxcala",3,"Nativitas/Ixtacuixtla",36,"Totolac","Totolac, Tlaxcala",TRUE
"490",29,"Tlaxcala",164,"Tlaxcala",3,"Nativitas/Ixtacuixtla",49,"San Damian Texoloc","San Damian Texoloc, Tlaxcala",TRUE
"491",29,"Tlaxcala",164,"Tlaxcala",3,"Nativitas/Ixtacuixtla",51,"San Jeronimo Zacualpan","San Jeronimo Zacualpan, Tlaxcala",TRUE
"492",29,"Tlaxcala",164,"Tlaxcala",3,"Nativitas/Ixtacuixtla",56,"Santa Ana Nopalucan","Santa Ana Nopalucan, Tlaxcala",TRUE
"493",29,"Tlaxcala",164,"Tlaxcala",3,"Nativitas/Ixtacuixtla",57,"Santa Apolonia Teacalco","Santa Apolonia Teacalco, Tlaxcala",TRUE
"494",29,"Tlaxcala",165,"Calpulalpan",1,"Calpulalpan",6,"Calpulalpan","Calpulalpan, Tlaxcala",TRUE
"495",29,"Tlaxcala",165,"Calpulalpan",1,"Calpulalpan",20,"Sanctorum de Lazaro Cardenas","Sanctorum de Lazaro Cardenas, Tlaxcala",TRUE
"496",29,"Tlaxcala",165,"Calpulalpan",1,"Calpulalpan",21,"Nanacamilpa de Mariano Arista","Nanacamilpa de Mariano Arista, Tlaxcala",TRUE
"497",29,"Tlaxcala",165,"Calpulalpan",1,"Calpulalpan",45,"Benito Juarez","Benito Juarez, Tlaxcala",TRUE
"498",29,"Tlaxcala",165,"Calpulalpan",2,"Hueyotlipan",12,"Espanita","Espanita, Tlaxcala",TRUE
"499",29,"Tlaxcala",165,"Calpulalpan",2,"Hueyotlipan",14,"Hueyotlipan","Hueyotlipan, Tlaxcala",TRUE
"500",29,"Tlaxcala",165,"Calpulalpan",3,"Apizaco",5,"Apizaco","Apizaco, Tlaxcala",TRUE
"501",29,"Tlaxcala",165,"Calpulalpan",3,"Apizaco",11,"Munoz de Domingo Arenas","Munoz de Domingo Arenas, Tlaxcala",TRUE
"502",29,"Tlaxcala",165,"Calpulalpan",3,"Apizaco",31,"Tetla de La Solidaridad","Tetla de La Solidaridad, Tlaxcala",TRUE
"503",29,"Tlaxcala",165,"Calpulalpan",4,"Tlaxco",3,"Atlangatepec","Atlangatepec, Tlaxcala",TRUE
"504",29,"Tlaxcala",165,"Calpulalpan",4,"Tlaxco",34,"Tlaxco","Tlaxco, Tlaxcala",TRUE
"505",29,"Tlaxcala",166,"Huamantla",1,"Huamantla",13,"Huamantla","Huamantla, Tlaxcala",TRUE
"506",29,"Tlaxcala",166,"Huamantla",1,"Huamantla",16,"Ixtenco","Ixtenco, Tlaxcala",TRUE
"507",29,"Tlaxcala",166,"Huamantla",1,"Huamantla",37,"Ziltlaltepec de Trinidad Sanchez Santos","Ziltlaltepec de Trinidad Sanchez Santos, Tlaxcala",TRUE
"508",29,"Tlaxcala",166,"Huamantla",2,"Cuapiaxtla",4,"Atltzayanca","Atltzayanca, Tlaxcala",TRUE
"509",29,"Tlaxcala",166,"Huamantla",2,"Cuapiaxtla",7,"El Carmen Tequexquitla","El Carmen Tequexquitla, Tlaxcala",TRUE
"510",29,"Tlaxcala",166,"Huamantla",2,"Cuapiaxtla",8,"Cuapiaxtla","Cuapiaxtla, Tlaxcala",TRUE
"511",29,"Tlaxcala",166,"Huamantla",3,"Teometitlan/Velazco",30,"Terrenate","Terrenate, Tlaxcala",TRUE
"512",29,"Tlaxcala",166,"Huamantla",3,"Teometitlan/Velazco",35,"Tocatlan","Tocatlan, Tlaxcala",TRUE
"513",29,"Tlaxcala",166,"Huamantla",3,"Teometitlan/Velazco",38,"Tzompantepec","Tzompantepec, Tlaxcala",TRUE
"514",29,"Tlaxcala",166,"Huamantla",3,"Teometitlan/Velazco",39,"Xaloztoc","Xaloztoc, Tlaxcala",TRUE
"515",29,"Tlaxcala",166,"Huamantla",3,"Teometitlan/Velazco",46,"Emiliano Zapata","Emiliano Zapata, Tlaxcala",TRUE
"516",29,"Tlaxcala",166,"Huamantla",3,"Teometitlan/Velazco",47,"Lazaro Cardenas","Lazaro Cardenas, Tlaxcala",TRUE
"517",29,"Tlaxcala",166,"Huamantla",3,"Teometitlan/Velazco",52,"San Jose Teacalco","San Jose Teacalco, Tlaxcala",TRUE
"518",21,"Puebla",116,"Izucar de Matamoros",1,"Izucar de Matamoros",121,"San Diego La Mesa Tochimiltzingo","San Diego La Mesa Tochimiltzingo, Puebla",TRUE
"519",21,"Puebla",116,"Izucar de Matamoros",3,"Tehuitzingo",11,"Albino Zertuche","Albino Zertuche, Puebla",TRUE
"520",21,"Puebla",116,"Izucar de Matamoros",3,"Tehuitzingo",56,"Chila de La Sal","Chila de La Sal, Puebla",TRUE
"521",21,"Puebla",116,"Izucar de Matamoros",4,"Acatlan",135,"San Miguel Ixitlan","San Miguel Ixitlan, Puebla",TRUE
"522",21,"Puebla",116,"Izucar de Matamoros",4,"Acatlan",190,"Totoltepec de Guerrero","Totoltepec de Guerrero, Puebla",TRUE
"523",21,"Puebla",116,"Izucar de Matamoros",5,"Tepexco",5,"Acteopan","Acteopan, Puebla",TRUE
"524",21,"Puebla",116,"Izucar de Matamoros",5,"Tepexco",33,"Cohuecan","Cohuecan, Puebla",TRUE
"525",15,"Mexico",74,"Zumpango",1,"Zumpango",125,"Tonanitla","Tonanitla, Mexico",TRUE
"526",17,"Morelos",94,"Zacatepec-Galeana",1,"Galeana",35,"Xoxocotla","Xoxocotla, Morelos",TRUE
"527",17,"Morelos",94,"Zacatepec-Galeana",2,"Alpuyeca",34,"Coatetelco","Coatetelco, Morelos",TRUE
